[4],0.5874647969201243
[9],0.21683519067833104
[4, 9],0.1793872929158146
[10],0.1653581841097184
[4, 10],0.13053491101598438
[9, 10],0.0519766108013776
[4, 9, 10],0.04697741186952688
[10, 36],0.04907350020926578
[4, 10, 36],0.04346952667022746
[2],0.13682813900748836
[2, 4],0.1163271948507521
[2, 9],0.05460163600818352
[2, 4, 9],0.0503179753314526
[2, 10],0.04920390213430002
[2, 4, 10],0.043711703328157124
[2, 36],0.05285058832667923
[2, 4, 36],0.04701136017559305
[11],0.09813190176636491
[4, 11],0.07654424209916828
[9, 11],0.032390203823273976
[4, 9, 11],0.02906515692700018
[10, 11],0.04346826259407467
[4, 10, 11],0.03672342931795315
[2, 11],0.0323171732553398
[2, 4, 11],0.02836847190590924
[11, 36],0.03367844734767601
[4, 11, 36],0.02909121826309638
[11, 43],0.02988044109637092
[4, 11, 43],0.025318451301185683
[12],0.05804731932920482
[4, 12],0.05804731932920482
[9, 12],0.03642728843874762
[4, 9, 12],0.033315046830739214
[10, 12],0.02835953728275111
[4, 10, 12],0.025628906467996114
[9, 10, 12],0.015063659519772465
[10, 12, 36],0.014527251722679843
[2, 12],0.03084931915489688
[2, 4, 12],0.028284618619704237
[2, 9, 12],0.01732053023780137
[2, 4, 9, 12],0.016222314773721876
[2, 12, 36],0.01643170307490975
[2, 4, 12, 36],0.015251930575845002
[11, 12],0.01908585271807486
[4, 11, 12],0.01721911045523168
[12, 36],0.03680320241712615
[4, 12, 36],0.03312462509068864
[9, 12, 36],0.02055737655882447
[4, 9, 12, 36],0.01919011945109888
[12, 31],0.02046791507956183
[4, 12, 31],0.018495846310699927
[12, 34],0.01722235952352981
[4, 12, 34],0.015327241649277538
[12, 37],0.01508852730433969
[12, 43],0.02056287464106633
[4, 12, 43],0.018718768322986166
[12, 66],0.015591315180183972
[12, 35],0.01787284683639753
[4, 12, 35],0.016055397863426524
[12, 24],0.015012790499379161
[13],0.02182647205245816
[4, 13],0.02182647205245816
[9, 13],0.013780706112388673
[4, 9, 13],0.012747616409591411
[10, 13],0.012432548808825418
[4, 10, 13],0.011432180412920736
[2, 13],0.014287042058797779
[2, 4, 13],0.012967784153874368
[13, 36],0.012948876876787507
[4, 13, 36],0.011835464260309476
[13, 43],0.010643172097706823
[13, 24],0.011995978068487291
[4, 13, 24],0.01082954832997102
[13, 35],0.012087987797338367
[4, 13, 35],0.01080343171958088
[3],0.01691179208052981
[3, 4],0.01691179208052981
[3, 36],0.01114319336561632
[3, 4, 36],0.01017770047829711
[8],0.011438046314507441
[4, 8],0.014109541975112548
[1],0.013705933290612659
[1, 4],0.013705933290612659
[1, 9],0.012082660191666632
[1, 4, 9],0.010075211262912347
[36],0.21615576921594534
[9, 36],0.08130025539826184
[4, 9, 36],0.07336538063512917
[4, 36],0.17117051202704606
[31],0.11054452056306575
[9, 31],0.035144376069774344
[4, 9, 31],0.032334913992877926
[31, 36],0.03473908686552103
[4, 31, 36],0.031083079799095113
[2, 31],0.03777608431943877
[2, 4, 31],0.03364108308533364
[10, 31],0.036969804923268665
[4, 10, 31],0.03265589670315754
[4, 31],0.08985739796912161
[35],0.08886146154932559
[9, 35],0.027656530959175984
[4, 9, 35],0.02501797402824596
[35, 36],0.031082506205044366
[4, 35, 36],0.02704506449581428
[2, 35],0.02810720409210798
[2, 4, 35],0.02506264800358901
[4, 35],0.07331383574812146
[10, 35],0.030469526253770442
[4, 10, 35],0.02607045335489946
[35, 43],0.022928549845702084
[38],0.07475670863879051
[9, 38],0.01931784041852861
[36, 38],0.021391557017145176
[2, 38],0.019128811563016483
[10, 38],0.027661812988641822
[4, 10, 38],0.021166079566630334
[4, 38],0.053281699378978004
[24],0.07254209167611202
[9, 24],0.026990850468476196
[4, 9, 24],0.0244456581527237
[24, 36],0.029110931788296705
[4, 24, 36],0.025730822572439947
[2, 24],0.025625642866303925
[2, 4, 24],0.022784014200824005
[24, 31],0.018346674529860118
[24, 35],0.04980965111984506
[4, 24, 35],0.04154460839990045
[4, 24],0.06760043152932699
[10, 24],0.02678056660137684
[4, 10, 24],0.023651744228895835
[24, 43],0.01992310026707825
[54],0.059339472131785975
[9, 54],0.035038844401921176
[4, 9, 54],0.032087833539201124
[36, 54],0.03291537620100042
[9, 36, 54],0.017442802419288972
[4, 9, 36, 54],0.016354797468408636
[4, 36, 54],0.029700359575547
[2, 54],0.03036050200292549
[2, 9, 54],0.016306765732620482
[2, 4, 9, 54],0.015149915121211655
[2, 36, 54],0.014931464094270288
[2, 4, 54],0.027440726010454088
[2, 10, 54],0.01681234782321635
[2, 4, 10, 54],0.015461730237734604
[31, 54],0.020755808476455324
[4, 31, 54],0.01885073851592232
[11, 54],0.025922142776846374
[4, 11, 54],0.02276121028630505
[10, 11, 54],0.015785382394504627
[35, 54],0.019694276093911302
[4, 35, 54],0.01759034857629532
[38, 54],0.015238894580772828
[24, 54],0.016056788742778362
[10, 54],0.03683545768620929
[10, 36, 54],0.016268874345522957
[4, 10, 36, 54],0.01498265738253117
[4, 10, 54],0.0324247310858744
[9, 10, 54],0.017174929905755597
[4, 9, 10, 54],0.015906746168048387
[4, 54],0.059339472131785975
[34, 54],0.016993846891869016
[4, 34, 54],0.01497603266587662
[43, 54],0.026009633542548146
[4, 43, 54],0.023301379550479066
[10, 43, 54],0.01626035131101256
[54, 82],0.01622596957770006
[54, 63],0.015477076786970264
[37, 54],0.02292365796833347
[4, 37, 54],0.020207424021021443
[54, 66],0.01585149997520307
[60],0.025949443553982914
[9, 60],0.018085362058067475
[4, 9, 60],0.01603864078406918
[36, 60],0.013703069002042425
[4, 36, 60],0.012276989492303629
[2, 60],0.010510297221324379
[4, 60],0.025949443553982914
[44],0.010966853000876256
[4, 44],0.015871917749335558
[27],0.017392733237003202
[4, 27],0.017371149437238137
[33],0.021255260351741787
[4, 33],0.021255260351741787
[10, 33],0.010275587962254648
[18],0.038976976298199684
[9, 18],0.017702907672236586
[4, 9, 18],0.015942488260150583
[18, 36],0.018017530164638352
[4, 18, 36],0.015824966225325858
[2, 18],0.01630926573881094
[2, 4, 18],0.014586516860092541
[18, 31],0.011488832823829506
[4, 18],0.038976976298199684
[10, 18],0.015073502977007
[4, 10, 18],0.013302766559458525
[18, 43],0.011085791784456261
[32],0.011617333041878727
[4, 32],0.010673421250561406
[19],0.018415419712887016
[9, 19],0.011754066139614583
[4, 9, 19],0.010807800692091845
[19, 36],0.010518083398685743
[2, 19],0.010973056620992258
[4, 19],0.018415419712887016
[10, 19],0.012113549377685195
[4, 10, 19],0.010908658501576792
[29],0.032083601042834343
[9, 29],0.017166762225814685
[4, 9, 29],0.015852704421312355
[29, 36],0.030004191254905836
[9, 29, 36],0.013436162533854146
[4, 9, 29, 36],0.012579923317733001
[4, 29, 36],0.026505859456685613
[4, 29],0.032083601042834343
[59],0.01324215264313292
[4, 59],0.011430382761520403
[20],0.025168463222443854
[9, 20],0.011360867936137985
[4, 9, 20],0.010372692397629616
[20, 36],0.012631702878582942
[4, 20, 36],0.011267030301735073
[2, 20],0.011179475287285837
[4, 20],0.025168463222443854
[64],0.07400406151648765
[4, 64],0.06363103401742423
[9, 64],0.03670993994665939
[4, 9, 64],0.031438041453917924
[36, 64],0.031639304018468706
[4, 36, 64],0.02742060747250918
[2, 64],0.022654832207083104
[2, 4, 64],0.02010189478917101
[10, 64],0.025186423329670228
[4, 10, 64],0.021919524323807688
[63],0.06280480016748277
[4, 63],0.06280480016748277
[9, 63],0.03161209454268055
[4, 9, 63],0.028888269469598004
[36, 63],0.03371430850565127
[4, 36, 63],0.0297910217564226
[9, 36, 63],0.016379590637000004
[2, 63],0.03155446763773231
[2, 4, 63],0.027894765937565978
[2, 9, 63],0.015729799301900698
[2, 10, 63],0.015960406177269775
[31, 63],0.021325762660867054
[4, 31, 63],0.01923106577168393
[10, 63],0.03292579721339947
[4, 10, 63],0.028700602138876964
[34, 63],0.018540112401236385
[4, 34, 63],0.015704199352748346
[43, 63],0.026890862203995298
[4, 43, 63],0.023576996200242437
[10, 43, 63],0.01576822380208097
[11, 63],0.022890329949274264
[4, 11, 63],0.01994134682325325
[35, 63],0.02607970956158872
[4, 35, 63],0.022205878217868735
[37, 63],0.01747447232581464
[4, 37, 63],0.01580585530844315
[63, 66],0.02485862407025208
[4, 63, 66],0.02099324359607177
[38, 63],0.01575710247027322
[24, 63],0.021669531393560176
[4, 24, 63],0.019113280729294628
[61],0.0505716589063926
[4, 61],0.0505716589063926
[9, 61],0.0241761351951425
[4, 9, 61],0.021865169373345997
[36, 61],0.02625908430968941
[4, 36, 61],0.023202554398048143
[9, 36, 61],0.01275908127323184
[2, 61],0.021326142227962804
[2, 4, 61],0.01924630886670472
[61, 63],0.01382562120349658
[10, 61],0.020552112502863564
[4, 10, 61],0.018430316043367173
[31, 61],0.014538572327773308
[4, 31, 61],0.013204803571126269
[35, 61],0.012982955523866748
[43, 61],0.01519556603156395
[4, 43, 61],0.01384098030155128
[61, 66],0.017883156907921333
[4, 61, 66],0.015405027019708051
[34, 61],0.014430333545492457
[11, 61],0.012739170945742442
[62],0.04618866938824665
[4, 62],0.04618866938824665
[9, 62],0.029764225137279672
[4, 9, 62],0.027943805873601978
[36, 62],0.04310515304575154
[4, 36, 62],0.03923892570487457
[9, 36, 62],0.020966539526380997
[4, 9, 36, 62],0.019894349784263705
[2, 62],0.027704945416902577
[2, 4, 62],0.025756851725579434
[2, 9, 62],0.014726032341123865
[2, 4, 9, 62],0.01394538705903411
[2, 36, 62],0.01861898497696969
[2, 4, 36, 62],0.01748477841412529
[2, 10, 62],0.013276798701597427
[2, 4, 10, 62],0.012447753934368384
[62, 64],0.012540456257429245
[62, 63],0.012592236091932694
[4, 62, 63],0.011574087437702486
[12, 62],0.013611905262206658
[4, 12, 62],0.012563924366422419
[10, 62],0.02563866005929932
[10, 36, 62],0.016279535196800504
[4, 10, 36, 62],0.015302464665605175
[9, 10, 62],0.013084234232109054
[4, 9, 10, 62],0.01238979626104063
[4, 10, 62],0.02371499966090776
[31, 62],0.018302556673698754
[31, 36, 62],0.011938948335977511
[4, 31, 62],0.01693665415299901
[34, 62],0.013577417058773656
[4, 34, 62],0.012302033070258178
[37, 62],0.01308135127775287
[4, 37, 62],0.01224815435322874
[43, 62],0.01787805115918981
[4, 43, 62],0.016547570837678383
[11, 62],0.017241164336847453
[4, 11, 62],0.015823471019151023
[11, 36, 62],0.011849195206545385
[62, 66],0.012520642598797628
[24, 62],0.012023707682938386
[62, 82],0.011552069765255375
[35, 62],0.014395016799893627
[4, 35, 62],0.013244432186255388
[66],0.0706432586937024
[4, 66],0.07050271064105564
[9, 66],0.03032556402767402
[4, 9, 66],0.027301490008670486
[36, 66],0.031737334549038834
[4, 36, 66],0.02810770538399452
[2, 66],0.031336518913912655
[2, 4, 66],0.027597593986277064
[10, 66],0.03383347564132918
[4, 10, 66],0.028938730440718426
[31, 66],0.021542486297620844
[4, 31, 66],0.019130300120060235
[43, 66],0.02707524115627076
[4, 43, 66],0.023568427337122815
[34, 66],0.019694859367858985
[35, 66],0.023951531949457695
[4, 35, 66],0.020456396455990667
[38, 66],0.018130550639241877
[24, 66],0.019729080264169217
[11, 66],0.0218705118283246
[4, 11, 66],0.019015291195924208
[67],0.01065090816604852
[4, 67],0.011784389046185772
[65],0.03199529367557173
[4, 65],0.03199529367557173
[9, 65],0.015606519208487138
[4, 9, 65],0.014334045437909641
[36, 65],0.020055071069376405
[4, 36, 65],0.017666296714489223
[2, 65],0.013627581034784399
[2, 4, 65],0.012250744204914057
[10, 65],0.011649094726446867
[4, 10, 65],0.010459673072847741
[69],0.019840944696407035
[4, 69],0.019840944696407035
[9, 69],0.011212292673658987
[4, 9, 69],0.010230023946076656
[36, 69],0.010714438877810067
[2, 69],0.01001464940451777
[71],0.05452052706510071
[31, 71],0.027491596240152145
[4, 31, 71],0.024443442941679928
[2, 31, 71],0.014558698920359783
[4, 71],0.05452052706510071
[9, 71],0.031338915889533865
[4, 9, 71],0.028648337193275013
[35, 71],0.017378884184482992
[4, 35, 71],0.01559077637307343
[36, 71],0.028513828711017215
[4, 36, 71],0.025538596422893488
[9, 36, 71],0.015333315246165517
[4, 9, 36, 71],0.014182970785543475
[10, 71],0.03055771145899829
[4, 10, 71],0.027475182944878558
[9, 10, 71],0.014455039920964058
[2, 71],0.03266862502070011
[2, 4, 71],0.02924117509590137
[2, 9, 71],0.016180876550903764
[2, 4, 9, 71],0.015096740019392457
[2, 36, 71],0.014864886315269575
[2, 4, 36, 71],0.01365329636266449
[2, 10, 71],0.01606236429500561
[2, 4, 10, 71],0.014804882741249121
[34, 71],0.014890425608056293
[43, 71],0.02339425984540891
[4, 43, 71],0.020865506175353245
[10, 43, 71],0.014001405214861725
[11, 71],0.02007556585555632
[4, 11, 71],0.017800910282340678
[37, 71],0.01595685619389949
[4, 37, 71],0.01453387472587872
[71, 82],0.013747478834741986
[66, 71],0.014112372583545084
[24, 71],0.013865062984154465
[72],0.017433709368697786
[4, 72],0.01726334881217243
[34],0.10706048706420411
[4, 34],0.07445623007913477
[9, 34],0.03151509369590197
[4, 9, 34],0.02807569096515621
[34, 36],0.038119217579193766
[4, 34, 36],0.03117812495431735
[2, 34],0.0274649282694215
[43],0.1002239012975972
[4, 43],0.08542186779038673
[10, 43],0.051849043121371605
[4, 10, 43],0.04405860504693768
[36, 43],0.03297687376295976
[4, 36, 43],0.02966050838562303
[2, 43],0.037760232947789185
[2, 4, 43],0.03385045928768996
[9, 43],0.03587786576578672
[4, 9, 43],0.03311402456338129
[75],0.04730947735699722
[4, 75],0.04730947735699722
[10, 75],0.020709551880384622
[4, 10, 75],0.018892691736714467
[10, 36, 75],0.013765122243558883
[4, 10, 36, 75],0.012861810687933073
[34, 75],0.013348421040488157
[43, 75],0.014956849005217772
[4, 43, 75],0.013601331768842586
[36, 75],0.04340864859965344
[4, 36, 75],0.03807734161994422
[9, 36, 75],0.018931051101639142
[4, 9, 36, 75],0.017694976127261158
[11, 75],0.014526242859222948
[4, 11, 75],0.012936728990684574
[9, 75],0.0261975238748822
[4, 9, 75],0.02403820228650422
[2, 75],0.023238974960989586
[2, 4, 75],0.021040429595129504
[2, 9, 75],0.011971586524101852
[2, 36, 75],0.016265291677639133
[2, 4, 36, 75],0.01493449849085042
[31, 75],0.014864338354314341
[4, 31, 75],0.013507462000693022
[35, 75],0.011864056034015615
[77],0.012708125221362856
[4, 77],0.014413800186077987
[25],0.02395163540969376
[4, 25],0.022894404488651553
[80],0.013656642377162624
[4, 80],0.013656642377162624
[9, 80],0.012388608021344246
[4, 9, 80],0.011389736266339184
[80, 87],0.010108450547147005
[82],0.07067124519897296
[4, 82],0.06673270218492752
[10, 82],0.03371436454271266
[4, 10, 82],0.029634777279507876
[31, 82],0.02074914286464844
[4, 31, 82],0.0185166109912329
[43, 82],0.0298569329112832
[4, 43, 82],0.025968516946419495
[2, 82],0.027393545002256273
[2, 4, 82],0.024538648800711348
[11, 82],0.02406360757592896
[4, 11, 82],0.020856803853810755
[9, 82],0.027855114578178457
[4, 9, 82],0.025147789438136253
[36, 82],0.02491018294714137
[4, 36, 82],0.022187032907186287
[37, 82],0.01995386056450356
[4, 37, 82],0.017874995721546227
[81],0.010593127193657572
[4, 81],0.011497207130519528
[84],0.04064966194010652
[4, 84],0.04064966194010652
[36, 84],0.019814977232473267
[4, 36, 84],0.01793751590100967
[9, 36, 84],0.010240761521482629
[10, 84],0.01899495170680609
[4, 10, 84],0.017376710782631376
[43, 84],0.013590106968405184
[4, 43, 84],0.012491186315013362
[11, 84],0.013089116795045095
[4, 11, 84],0.011688656711319636
[2, 84],0.01826284112638389
[2, 4, 84],0.01670226270684283
[9, 84],0.020361415652793015
[4, 9, 84],0.018944991904366597
[31, 84],0.012777454504246315
[4, 31, 84],0.011731175256653197
[37, 84],0.010573396291998828
[82, 84],0.010474799284840821
[83],0.018509860255467227
[4, 83],0.018509860255467227
[36, 83],0.018509860255467227
[4, 36, 83],0.01815279240848438
[37],0.07542234713258113
[9, 37],0.02471146975289364
[4, 9, 37],0.02235590743315486
[36, 37],0.02202513895255197
[4, 36, 37],0.019480852429107885
[10, 37],0.031352437891932025
[4, 10, 37],0.027228340705649695
[4, 37],0.06321083011232022
[11, 37],0.021076262345102736
[37, 43],0.02505860687122413
[4, 37, 43],0.0218015865445006
[2, 37],0.024332755645427452
[2, 4, 37],0.021476362452497427
[87],0.044072727838180815
[9, 87],0.044072727838180815
[4, 9, 87],0.041926380877009534
[36, 87],0.034948510851963724
[9, 36, 87],0.02616443271712975
[4, 9, 36, 87],0.024636348326415213
[4, 36, 87],0.032680458465992254
[10, 87],0.021529817742204686
[9, 10, 87],0.015306289993296616
[4, 9, 10, 87],0.014526913327094415
[10, 36, 87],0.012108661460287244
[4, 10, 36, 87],0.011412578662810612
[4, 10, 87],0.02010534280167516
[34, 87],0.013922798117033392
[4, 34, 87],0.012991230864907081
[12, 87],0.02405132111826025
[9, 12, 87],0.017578950927008268
[4, 9, 12, 87],0.016475332531489924
[12, 36, 87],0.014563295552670594
[9, 12, 36, 87],0.011034925108492648
[4, 12, 36, 87],0.013696052120384574
[4, 12, 87],0.022328566447916604
[2, 12, 87],0.011956926274364529
[2, 4, 12, 87],0.011233621818533428
[4, 87],0.044072727838180815
[2, 87],0.026653027744008125
[2, 4, 87],0.02494774879954198
[2, 10, 87],0.011875194641242438
[2, 4, 10, 87],0.01121339296651195
[2, 9, 87],0.019565667611214737
[2, 4, 9, 87],0.01849129589103189
[2, 36, 87],0.01546973797313336
[2, 4, 36, 87],0.014582168153661288
[2, 9, 36, 87],0.011681661529616914
[2, 4, 9, 36, 87],0.011085040873286812
[31, 87],0.015868557275384044
[4, 31, 87],0.014650781984997467
[43, 87],0.015123922632575316
[4, 43, 87],0.014108083764968351
[11, 87],0.013011612886101457
[4, 11, 87],0.012112270454041696
[35, 87],0.012984895255708132
[4, 35, 87],0.012102615454129837
[24, 87],0.011073825654834056
[86],0.015949743406336384
[36, 86],0.015949743406336384
[4, 36, 86],0.016110284589857964
[4, 86],0.015949743406336384
[90],0.025841941744787062
[4, 90],0.025841941744787062
[36, 90],0.02275807435072689
[4, 36, 90],0.0193996977373999
[9, 90],0.011875870239830284
[4, 9, 90],0.010738256934224233
[93],0.051812088849941415
[4, 93],0.051812088849941415
[10, 93],0.03334326398494054
[4, 10, 93],0.029875726247130082
[10, 36, 93],0.014405659523125006
[4, 10, 36, 93],0.013281475806628976
[9, 10, 93],0.016559139051105124
[4, 9, 10, 93],0.015408506986787081
[2, 93],0.03467407116339056
[2, 4, 93],0.0313002236707334
[2, 10, 93],0.018312204197071805
[2, 4, 10, 93],0.01691627022356338
[2, 9, 93],0.017725907538723266
[2, 4, 9, 93],0.016673070159533017
[2, 36, 93],0.0155870274153654
[2, 4, 36, 93],0.014451477101252254
[34, 93],0.014824045498839835
[4, 34, 93],0.013086329065162777
[43, 93],0.023495157160843206
[4, 43, 93],0.021293597911699925
[10, 43, 93],0.014620131570030413
[4, 10, 43, 93],0.013369831391180712
[2, 43, 93],0.013816866754560576
[11, 93],0.021285507522436638
[4, 11, 93],0.01911080539315126
[10, 11, 93],0.013068724493450153
[82, 93],0.014836693628936833
[4, 82, 93],0.013247852590387443
[63, 93],0.013379523402030465
[31, 93],0.029078994665816083
[4, 31, 93],0.026142838752885252
[9, 31, 93],0.013408042129290625
[10, 31, 93],0.014664356168563363
[4, 10, 31, 93],0.013513734030615093
[2, 31, 93],0.015512923072539842
[2, 4, 31, 93],0.014436565600958602
[24, 93],0.014968439026079762
[4, 24, 93],0.013802128366471064
[66, 93],0.014600252103178519
[4, 66, 93],0.013108088938296592
[9, 93],0.032348753810026165
[4, 9, 93],0.029898295931413202
[36, 93],0.02928162393937751
[4, 36, 93],0.026654632102916763
[9, 36, 93],0.015788353189831315
[4, 9, 36, 93],0.014807091228868745
[35, 93],0.018259352416832218
[4, 35, 93],0.016562396903100986
[64, 93],0.014444914372905949
[4, 64, 93],0.01303498160226008
[71, 93],0.015460925256230428
[4, 71, 93],0.014088191763924108
[37, 93],0.015857135472466196
[4, 37, 93],0.014501933644200587
[97],0.035354297882354
[4, 97],0.035354297882354
[9, 97],0.018617140349211244
[4, 9, 97],0.017179052922091306
[10, 97],0.0192055236370648
[4, 10, 97],0.017224382973595638
[31, 97],0.013709325821910217
[4, 31, 97],0.012213652787267212
[43, 97],0.014986241749164991
[4, 43, 97],0.013239472603489042
[2, 97],0.017873749052337136
[2, 4, 97],0.01611448311755325
[36, 97],0.01735786817570063
[4, 36, 97],0.015627311532051172
[35, 97],0.011883338431210057
[4, 35, 97],0.010491988926242327
[11, 97],0.011664616571734988
[4, 11, 97],0.010343527256485035
[24, 97],0.010153714505449503
[48],0.028286647949797007
[4, 48],0.028286647949797007
[9, 48],0.015268163108292605
[4, 9, 48],0.014092189144609416
[10, 48],0.01526808349615156
[4, 10, 48],0.013888773811504367
[31, 48],0.01043980033805953
[43, 48],0.013423581021972025
[4, 43, 48],0.012160165689831163
[2, 48],0.014305115047085997
[2, 4, 48],0.013186315875895895
[36, 48],0.014484705504883068
[4, 36, 48],0.013057928964870274
[35, 48],0.010496382882042197
[96],0.014476688147532021
[4, 96],0.019202931349450923
[95],0.01354762571822092
[4, 95],0.013728699625907755
[99],0.04306332063548926
[4, 99],0.04306332063548926
[10, 99],0.02216411207197323
[4, 10, 99],0.019862471063688433
[10, 36, 99],0.01117165077938685
[9, 10, 99],0.01095367376584855
[2, 99],0.02159849578483647
[2, 4, 99],0.01975618458664895
[2, 9, 99],0.011417062171557524
[2, 36, 99],0.01192194821243873
[2, 4, 36, 99],0.011088356436554193
[31, 99],0.014858582713091376
[4, 31, 99],0.013302806900042813
[43, 99],0.01403899503473625
[4, 43, 99],0.01283051291248331
[36, 99],0.028598640893878063
[4, 36, 99],0.025580144153550897
[9, 36, 99],0.014832637012603737
[4, 9, 36, 99],0.013837612480144222
[35, 99],0.015228792290160956
[4, 35, 99],0.013713040166837394
[24, 99],0.013556973361262284
[4, 24, 99],0.012312024518558479
[64, 99],0.023039200589052667
[4, 64, 99],0.02016159163231075
[36, 64, 99],0.012328928643626013
[4, 36, 64, 99],0.011244582368595095
[9, 64, 99],0.012667755088864278
[4, 9, 64, 99],0.01150097537227265
[9, 99],0.026118870913935614
[4, 9, 99],0.023790265228146083
[11, 99],0.01443893715963218
[4, 11, 99],0.01295758837708173
[34, 99],0.012420504978494073
[4, 34, 99],0.010902707248408361
[100],0.024890097289742556
[4, 100],0.024890097289742556
[10, 100],0.013875907173131447
[4, 10, 100],0.012613600265026724
[2, 100],0.014841097965303198
[2, 4, 100],0.01345856586450177
[31, 100],0.012058930547205443
[4, 31, 100],0.011014564309678157
[43, 100],0.010913412774140981
[4, 43, 100],0.010010315503879269
[9, 100],0.01383222301377901
[4, 9, 100],0.012637086325505423
[36, 100],0.011049998751972519
[4, 36, 100],0.010095359540462798
[17],0.03991140375125359
[4, 17],0.03991140375125359
[10, 17],0.01662789077450604
[4, 10, 17],0.014922112037837262
[2, 17],0.01732552628155762
[2, 4, 17],0.01569966475896442
[17, 31],0.013016639609930419
[4, 17, 31],0.011695952559027572
[17, 43],0.011689499843054842
[4, 17, 43],0.010610164606309634
[9, 17],0.023475264269482585
[4, 9, 17],0.020830606442983856
[11, 17],0.010578977752491142
[17, 36],0.02024695731747601
[4, 17, 36],0.017888563514185565
[9, 17, 36],0.011146249542868813
[4, 9, 17, 36],0.010249408299619706
[17, 34],0.01058191672406824
[105],0.019424450428716114
[4, 105],0.019424450428716114
[36, 105],0.010189558669598153
[103],0.01032484801785396
[4, 103],0.012827382358370618
[106],0.01902882027174565
[4, 106],0.01964692958370866
[15],0.01475839845970305
[4, 15],0.013803053391517902
[110],0.051300357772021604
[9, 110],0.051300357772021604
[4, 9, 110],0.04857174760778418
[11, 110],0.014439513578481673
[4, 11, 110],0.013233260476181865
[4, 110],0.051300357772021604
[10, 110],0.0217959830777134
[4, 10, 110],0.020208725453468874
[9, 10, 110],0.01745711003525823
[4, 9, 10, 110],0.016347046211748775
[110, 173],0.030977226304885315
[4, 110, 173],0.026931080366238005
[9, 110, 173],0.027933312810404662
[4, 9, 110, 173],0.024478213397529237
[36, 110, 173],0.013233443864912145
[36, 110],0.030602169287066702
[4, 36, 110],0.02832772536500547
[9, 36, 110],0.024271457717068665
[4, 9, 36, 110],0.022704514998927353
[2, 110],0.02294060320457039
[2, 4, 110],0.021354961933292737
[2, 9, 110],0.01867955519390217
[2, 4, 9, 110],0.01755950124730176
[31, 110],0.015247050856987411
[4, 31, 110],0.014195048016247483
[43, 110],0.016224473284839693
[4, 43, 110],0.015065146455266092
[117],0.011808184325485084
[4, 117],0.01603923357550097
[113],0.014493073407275021
[4, 113],0.019167752409228602
[119],0.014801398884838928
[4, 119],0.01716836782081241
[123],0.01728510049435443
[4, 123],0.018546421632843136
[128],0.034842386095655556
[4, 128],0.034842386095655556
[36, 128],0.01887509383357186
[4, 36, 128],0.017374892544505013
[9, 36, 128],0.014145258001202698
[4, 9, 36, 128],0.01325137600014757
[10, 128],0.0143508975760621
[4, 10, 128],0.013206857013919025
[9, 10, 128],0.011117600417327712
[4, 9, 10, 128],0.01040609833578735
[43, 128],0.010088502752308777
[9, 128],0.03448457988792146
[4, 9, 128],0.030232328974661517
[2, 128],0.014778351197527314
[2, 4, 128],0.013743605570468102
[2, 9, 128],0.011488030064390526
[2, 4, 9, 128],0.010841453596688875
[128, 173],0.018646144031833196
[4, 128, 173],0.015917757997679603
[9, 128, 173],0.016598811746334676
[4, 9, 128, 173],0.014312358788824654
[126],0.012864303430640147
[4, 126],0.012864303430640147
[36, 126],0.01093166238420207
[130],0.019341551574811922
[4, 130],0.019242829742063837
[131],0.01019239301080065
[133],0.013111423255720582
[4, 133],0.012330992169140294
[140],0.04983184822564159
[4, 140],0.04983184822564159
[10, 140],0.023990924473283992
[4, 10, 140],0.021496263684013434
[10, 36, 140],0.012795830671676254
[2, 140],0.023953550798068917
[2, 4, 140],0.021796294255915578
[2, 36, 140],0.013280972894960597
[43, 140],0.015667324234624067
[4, 43, 140],0.014201486440773103
[64, 140],0.013280897997446561
[36, 140],0.03353385455317281
[4, 36, 140],0.029572283780641445
[9, 36, 140],0.015933783713700658
[4, 9, 36, 140],0.014771165116305572
[35, 140],0.014486035325379634
[4, 35, 140],0.013084632104643444
[9, 140],0.026574515099026023
[4, 9, 140],0.0241774727228673
[11, 140],0.016963795686819477
[4, 11, 140],0.015220470045805054
[34, 140],0.013104417259684698
[31, 140],0.015163935021517952
[4, 31, 140],0.013676695989635453
[137],0.02504840377117666
[4, 137],0.02504840377117666
[10, 137],0.011574646905255887
[9, 137],0.010045579282425637
[135],0.014884711733595611
[4, 135],0.016548903970480196
[138],0.016654315308354095
[4, 138],0.016654315308354095
[2, 138],0.011747443608432237
[2, 4, 138],0.010557157914284486
[9, 138],0.010117005503342116
[146],0.03566646035189777
[4, 146],0.03399064444490876
[9, 146],0.013400795206890116
[4, 9, 146],0.0119961416213357
[2, 146],0.011714438350186767
[2, 4, 146],0.010377054142652256
[35, 146],0.01282638117002547
[4, 35, 146],0.010375505468249537
[10, 146],0.011321416973175152
[36, 146],0.012660189721433833
[4, 36, 146],0.011078595167671255
[145],0.01013501126270032
[4, 145],0.011221419264643744
[144],0.012475712709886242
[4, 144],0.014628311714673044
[147],0.02020942391180319
[4, 147],0.02020942391180319
[10, 147],0.010167629101420836
[149],0.011634870540250968
[4, 149],0.010010871282365903
[153],0.011214275385880395
[4, 153],0.011806491446262299
[157],0.025029659920194583
[4, 157],0.02498501758789691
[24, 157],0.015100411990999102
[4, 24, 157],0.01225649365504334
[24, 35, 157],0.010353073501538749
[35, 157],0.0159334203221778
[4, 35, 157],0.013115003050964025
[156],0.010081757568030354
[4, 156],0.010645046286477524
[30],0.023263988699376254
[4, 30],0.02382451423760948
[158],0.03535100053411474
[4, 158],0.03535100053411474
[9, 158],0.01758941775562324
[4, 9, 158],0.01610306202145804
[2, 158],0.016979412263342996
[2, 4, 158],0.015361137923239686
[31, 158],0.012809573551270388
[4, 31, 158],0.011607473858127396
[43, 158],0.01659817561096713
[4, 43, 158],0.014722597414341803
[66, 158],0.010007511889553433
[35, 158],0.012884107290753453
[4, 35, 158],0.011327783757934995
[36, 158],0.017432543414668336
[4, 36, 158],0.015816522153497856
[10, 158],0.018189166610866905
[4, 10, 158],0.016255044061372126
[11, 158],0.011397510726589675
[4, 11, 158],0.010146015904282742
[162],0.019168373721843907
[4, 162],0.019168373721843907
[9, 162],0.019168373721843907
[4, 9, 162],0.017363476476618026
[36, 162],0.010988734628341825
[4, 36, 162],0.010188228380254391
[162, 173],0.011424433938426603
[4, 162, 173],0.01024687222888181
[9, 162, 173],0.010059513567528709
[39],0.013944878104593066
[4, 39],0.013944878104593066
[9, 39],0.013944878104593066
[4, 9, 39],0.01405068196239042
[165],0.011478727460774165
[4, 165],0.015546283887696822
[169],0.011399657943389704
[4, 169],0.01353596019182038
[173],0.07033653155931349
[4, 173],0.06514710746009635
[9, 173],0.06942389466267786
[4, 9, 173],0.05642132044304723
[10, 173],0.020001181654865193
[4, 10, 173],0.018033947113846566
[36, 173],0.02929548837425962
[4, 36, 173],0.02609922679483729
[9, 36, 173],0.02486637043507642
[4, 9, 36, 173],0.022645984651979176
[2, 173],0.020694858111122958
[2, 4, 173],0.0186951654101953
[2, 9, 173],0.017740256651361686
[174],0.028534374762699634
[4, 174],0.028534374762699634
[9, 174],0.028139014405035558
[4, 9, 174],0.025367241153833188
[10, 174],0.010896823901474288
[4, 10, 174],0.01006802525291681
[173, 174],0.015925927145300226
[4, 173, 174],0.014430933842519946
[9, 173, 174],0.014127144912344137
[4, 9, 173, 174],0.012942991914762277
[110, 174],0.013791992459159448
[4, 110, 174],0.012753841557325596
[9, 110, 174],0.011349343237935463
[4, 9, 110, 174],0.010603148413330066
[36, 174],0.020682667797174578
[4, 36, 174],0.019095223156348488
[9, 36, 174],0.01587501166428519
[4, 9, 36, 174],0.014904487216704777
[174, 230],0.010905729461387324
[4, 174, 230],0.010056358286999051
[2, 174],0.011836701475404702
[2, 4, 174],0.010894107845599304
[181],0.014668753573461677
[4, 181],0.01670677517154899
[185],0.023632687295217968
[4, 185],0.023632687295217968
[36, 185],0.01136765827469552
[4, 36, 185],0.010239517714894784
[35, 185],0.015258462133000746
[4, 35, 185],0.013129231285328606
[24, 185],0.0147272087064861
[4, 24, 185],0.012684750314279803
[24, 35, 185],0.010391282063105692
[9, 185],0.010809810633595289
[187],0.02317091676910031
[4, 187],0.02317091676910031
[36, 187],0.010048147500008025
[10, 187],0.010112520418225236
[9, 187],0.01214390344562456
[4, 9, 187],0.011348106326111433
[192],0.010298839517366834
[4, 192],0.013106697023373364
[195],0.022185262535492273
[4, 195],0.022185262535492273
[36, 195],0.022185262535492273
[4, 36, 195],0.02150546840366887
[9, 36, 195],0.011435389002142509
[4, 9, 36, 195],0.010707423142822128
[2, 195],0.012669517382682878
[2, 4, 195],0.011546178120682706
[10, 195],0.010108785812987688
[9, 195],0.014221028712074769
[4, 9, 195],0.01313211828681611
[207],0.01208785558654153
[4, 207],0.01315465544337112
[211],0.022756962554752666
[4, 211],0.022756962554752666
[9, 211],0.011384553013770548
[4, 9, 211],0.010550902731046651
[36, 211],0.010256560718935156
[10, 211],0.010415315724504125
[2, 211],0.01141134431071549
[2, 4, 211],0.010316102649562665
[31, 211],0.010691891275218376
[218],0.028623067134895777
[4, 218],0.027707657636031603
[9, 218],0.015200861344996144
[4, 9, 218],0.012927820596016089
[36, 218],0.012582141358658622
[4, 36, 218],0.011019907729729907
[216],0.012782936366500335
[4, 216],0.014722993546075414
[223],0.019373745404823024
[9, 223],0.015723452604072444
[4, 9, 223],0.014502197058900572
[4, 223],0.019373745404823024
[2, 223],0.012717382707664593
[2, 4, 223],0.011849785423241055
[36, 223],0.01114078320792291
[4, 36, 223],0.01025069012459915
[10, 223],0.011972204212728257
[4, 10, 223],0.011093523211852046
[230],0.048435254207738664
[4, 230],0.048435254207738664
[9, 230],0.046847031378432026
[4, 9, 230],0.041261001095375144
[10, 230],0.02022246722280905
[4, 10, 230],0.018618190625002473
[9, 10, 230],0.0149545255174318
[4, 9, 10, 230],0.013888112574050525
[2, 230],0.02145004011775732
[2, 4, 230],0.01980168024416588
[2, 9, 230],0.016269568391800503
[2, 4, 9, 230],0.015171230225718983
[31, 230],0.013946079338124067
[4, 31, 230],0.012938259445619552
[43, 230],0.014963815908526936
[4, 43, 230],0.013904290127240967
[11, 230],0.012926975845310114
[173, 230],0.02508176014455461
[4, 173, 230],0.021735659169407208
[9, 173, 230],0.022342471830113696
[4, 9, 173, 230],0.019607360007320964
[36, 230],0.027977419225998418
[4, 36, 230],0.02576295650314916
[9, 36, 230],0.02071739371543445
[4, 9, 36, 230],0.019420075159146174
[110, 230],0.013770506205567034
[4, 110, 230],0.012811236298198612
[228],0.019837479917911606
[4, 228],0.019837479917911606
[9, 228],0.010136476161632456
[10, 228],0.01112781825482063
[4, 10, 228],0.010148962477218668
[234],0.025772675297797983
[4, 234],0.025772675297797983
[2, 234],0.013678296400241874
[2, 4, 234],0.012400603950763525
[36, 234],0.025524285747167665
[4, 36, 234],0.022250712484870608
[9, 36, 234],0.01156224874724539
[4, 9, 36, 234],0.01065365783895107
[9, 234],0.015118294925821724
[4, 9, 234],0.013712371382532928
[10, 234],0.011777994393590788
[4, 10, 234],0.010622253182247854
[241],0.0166887104370993
[4, 241],0.0166887104370993
[9, 241],0.014457175774144097
[4, 9, 241],0.013361064195927898
[36, 241],0.014976808687182722
[4, 36, 241],0.013623539550663758
[9, 36, 241],0.010631961984942118
[242],0.035043687913215174
[4, 242],0.03279485372988283
[9, 242],0.01479415015526718
[4, 9, 242],0.012881956165562041
[36, 242],0.01244896568986445
[4, 36, 242],0.010834481168304114
[2, 242],0.011534090951363407
[2, 4, 242],0.010129152777823868
[10, 242],0.011201756276608786
[58],0.016260152385435066
[4, 58],0.016260152385435066
[36, 58],0.011298899103340329
[243],0.02584192933237518
[9, 243],0.012666588078474176
[4, 9, 243],0.011553477356836393
[4, 243],0.02584192933237518
[36, 243],0.01294527414787133
[4, 36, 243],0.011524741479371844
[2, 243],0.010317966793093266
[10, 243],0.011318279346449018
[247],0.022484993517823192
[9, 247],0.021560425065379668
[4, 9, 247],0.01855180705614627
[4, 247],0.022484993517823192
[173, 247],0.011847829330695642
[9, 173, 247],0.010571117359689547
[36, 247],0.011144355002529275
[4, 36, 247],0.010255939683890332
[251],0.017173191286736427
[4, 251],0.019294165281164136
[252],0.020730241235201754
[4, 252],0.020730241235201754
[9, 252],0.01892264351690587
[4, 9, 252],0.016785894502887963
[36, 252],0.015746884760717703
[4, 36, 252],0.01427573573283869
[9, 36, 252],0.011701152985925415
[4, 9, 36, 252],0.010859331067218071
[173, 252],0.011374175264541618
[4, 173, 252],0.010171664253335065
[256],0.010257303904140142
[4, 256],0.013621054423509384
[258],0.010793213774964781
[4, 258],0.012682930977503422
[259],0.010038778777689562
[4, 259],0.01265804761082874
[269],0.01762882942148282
[9, 269],0.012383738072854743
[4, 9, 269],0.010819751940993128
[4, 269],0.01762882942148282
[36, 269],0.010742195980173338
[271],0.02819114061299228
[4, 271],0.02819114061299228
[36, 271],0.012527681026194401
[4, 36, 271],0.011273561832916256
[9, 271],0.012311820214579399
[4, 9, 271],0.011380282423406416
[10, 271],0.01073699640697664
[274],0.016599728952445512
[4, 274],0.016599728952445512
[9, 274],0.012082284612341334
[4, 9, 274],0.011144698492132628
[2, 274],0.010498259149288898
[283],0.011608536688097899
[4, 283],0.011465511482120798
[282],0.010938103830371474
[4, 282],0.011571557052498883
[289],0.015827780110728506
[4, 289],0.017226306055869802
[290],0.010650978910510667
[4, 290],0.013431741428884909
[308],0.01991649808252907
[4, 308],0.01991649808252907
[9, 308],0.017215034358347526
[4, 9, 308],0.015445104113330003
[36, 308],0.010727755935844826
[307],0.01686380474845089
[4, 307],0.01686380474845089
[9, 307],0.01686380474845089
[4, 9, 307],0.015284012538609417
[36, 307],0.011983535715050047
[4, 36, 307],0.01104029303712565
[318],0.01437096666653696
[4, 318],0.016212741621729792
[321],0.011304130612815851
[4, 321],0.014436867785931309
[327],0.01081585724586165
[4, 327],0.014132736139075239
[335],0.018425116295058382
[4, 335],0.02055041457433064
[336],0.010427319810497104
[4, 336],0.011806217044244546
[328],0.013294201925986406
[4, 328],0.01508808186862034
