[4],0.5871768334502334
[9],0.216695835441127
[4, 9],0.18268069829508074
[10],0.16543865774677574
[4, 10],0.13268673294909367
[9, 10],0.054638599607249615
[4, 9, 10],0.051125275390238784
[10, 36],0.0505367691650472
[4, 10, 36],0.045993313472045175
[2],0.13704889468531517
[2, 4],0.11614645175867962
[2, 9],0.056849944072256596
[2, 4, 9],0.05320771595226332
[2, 10],0.050526134387074984
[2, 4, 10],0.04606270208822507
[2, 36],0.05584217388135506
[2, 4, 36],0.050460388737124176
[11],0.0984274701027606
[4, 11],0.08116534242660108
[9, 11],0.03542295383195885
[4, 9, 11],0.03316250997708018
[10, 11],0.046858356973196034
[4, 10, 11],0.04101209158441313
[2, 11],0.03518837791792427
[2, 4, 11],0.03184969655149792
[11, 36],0.03692542660095627
[4, 11, 36],0.0330061231429778
[11, 43],0.031968903556740584
[4, 11, 43],0.028377304057006805
[12],0.05821927943361775
[4, 12],0.05821927943361775
[9, 12],0.04666427724895835
[4, 9, 12],0.04447842108777022
[10, 12],0.03789326697746409
[4, 10, 12],0.035724102554550996
[9, 10, 12],0.023047209283721518
[4, 9, 10, 12],0.022497296861115706
[10, 12, 36],0.0214960305762367
[9, 10, 12, 36],0.01473089930136782
[4, 10, 12, 36],0.020808388966977356
[2, 12],0.03995516962917587
[2, 4, 12],0.03786451443265784
[2, 9, 12],0.025182801256702622
[2, 4, 9, 12],0.02455943413469682
[2, 10, 12],0.022009218711227217
[2, 4, 10, 12],0.021262814454918226
[2, 9, 10, 12],0.015219780278220098
[2, 4, 9, 10, 12],0.01497466048565288
[2, 12, 36],0.023972263433826517
[2, 4, 12, 36],0.023078580962198118
[2, 9, 12, 36],0.016783236509073735
[2, 4, 9, 12, 36],0.01645142702533151
[11, 12],0.025722586829158834
[4, 11, 12],0.024388226904591137
[9, 11, 12],0.016051719439610857
[4, 9, 11, 12],0.01580023072070541
[10, 11, 12],0.01650906043277029
[4, 10, 11, 12],0.015993325081303175
[2, 11, 12],0.016227551985376194
[2, 4, 11, 12],0.015777475047623075
[11, 12, 36],0.015874136874667544
[4, 11, 12, 36],0.015363358461156478
[12, 36],0.04636771246078177
[4, 12, 36],0.043196945023729845
[9, 12, 36],0.028501291494309307
[4, 9, 12, 36],0.027649154067547775
[12, 64],0.018604801134286773
[4, 12, 64],0.017474663143277645
[12, 63],0.020654739899373657
[4, 12, 63],0.019698515640418683
[12, 31],0.029216256366418253
[4, 12, 31],0.02764652500306998
[10, 12, 31],0.016622504736607348
[4, 10, 12, 31],0.01603480522110842
[2, 12, 31],0.018141607527320885
[2, 4, 12, 31],0.017532301266049304
[9, 12, 31],0.017721807658203158
[4, 9, 12, 31],0.01733330606167245
[12, 31, 36],0.016945350721618173
[4, 12, 31, 36],0.016431124583947333
[12, 34],0.02147521547023119
[4, 12, 34],0.019640585158176353
[12, 37],0.021133441793624922
[4, 12, 37],0.02027009115044836
[12, 43],0.029025596922841054
[4, 12, 43],0.027750097864283087
[10, 12, 43],0.019135918448837257
[4, 10, 12, 43],0.0185000438120607
[2, 12, 43],0.018283018045182817
[2, 4, 12, 43],0.017697857151984294
[9, 12, 43],0.01818684621005949
[4, 9, 12, 43],0.017828233341124836
[12, 36, 43],0.016813076539528966
[4, 12, 36, 43],0.016305248462654347
[12, 66],0.02180226904172619
[4, 12, 66],0.0205123341359743
[12, 35],0.02470628786840896
[4, 12, 35],0.023456535807400005
[9, 12, 35],0.014951620805886709
[4, 9, 12, 35],0.01473566878754566
[12, 35, 36],0.014926343020475375
[12, 82],0.0184883267841886
[4, 12, 82],0.017792185995242835
[12, 24],0.02026054747090269
[4, 12, 24],0.01927332347820402
[12, 54],0.016555602893765325
[4, 12, 54],0.015873749828378823
[1],0.013748397134027958
[1, 4],0.013748397134027958
[1, 9],0.013748397134027958
[1, 4, 9],0.013509006414534435
[1, 173],0.010240152514909144
[3],0.01676585427715316
[3, 4],0.01676585427715316
[3, 9],0.014452325801743715
[3, 4, 9],0.013958532814025159
[3, 10],0.011746232709405028
[3, 4, 10],0.011184922874088933
[2, 3],0.01317131701619205
[2, 3, 4],0.012587243966751122
[3, 36],0.015868251564810375
[3, 4, 36],0.014883822831013787
[8],0.011496256536398757
[4, 8],0.011496256536398757
[8, 9],0.011496256536398757
[4, 8, 9],0.013182735457783945
[8, 10],0.011496256536398757
[4, 8, 10],0.012002962406920148
[2, 8],0.011496256536398757
[2, 4, 8],0.011468459136020813
[8, 36],0.011496256536398757
[4, 8, 36],0.011738432928943152
[13],0.022065270528536313
[4, 13],0.022065270528536313
[9, 13],0.022065270528536313
[4, 9, 13],0.02214781569850605
[10, 13],0.020479984971194794
[4, 10, 13],0.019615846321888154
[9, 10, 13],0.012130679112363497
[4, 9, 10, 13],0.011926945892635394
[10, 13, 36],0.010860519473486275
[4, 10, 13, 36],0.010641658082074401
[2, 13],0.022065270528536313
[2, 4, 13],0.021962307322600093
[2, 9, 13],0.014008937949248481
[2, 4, 9, 13],0.013674374973240155
[2, 10, 13],0.012579093296550948
[2, 4, 10, 13],0.012268254322308828
[2, 13, 36],0.012945418617004628
[2, 4, 13, 36],0.012572476412549022
[11, 13],0.01446534302393615
[4, 11, 13],0.013826277572164128
[13, 36],0.02080376935748396
[4, 13, 36],0.019944294145303392
[9, 13, 36],0.012933135054391549
[4, 9, 13, 36],0.012688026189510284
[13, 34],0.010393419773147545
[13, 31],0.014356217747526448
[4, 13, 31],0.013837010532771078
[13, 43],0.018095189190390902
[4, 13, 43],0.01724269985098241
[9, 13, 43],0.010918975827238012
[4, 9, 13, 43],0.010691286431658226
[10, 13, 43],0.011279821052567314
[4, 10, 13, 43],0.010979520365526414
[2, 13, 43],0.011549537878827842
[2, 4, 13, 43],0.011205569401369487
[13, 37],0.01084992534414234
[4, 13, 37],0.010361368747913975
[13, 66],0.014775563102131725
[4, 13, 66],0.013925061245900767
[13, 63],0.013748706498831652
[4, 13, 63],0.012964958061845876
[13, 24],0.017928202651638046
[4, 13, 24],0.01691558327645057
[13, 24, 35],0.012983233424826098
[4, 13, 24, 35],0.012380761873987248
[13, 35],0.018798304235615917
[4, 13, 35],0.017689276317560818
[2, 13, 35],0.010094049787501013
[36],0.21630022339889274
[4, 36],0.1735334083197378
[9, 36],0.08297455803853188
[4, 9, 36],0.07625464674685999
[31],0.11038832153809824
[4, 31],0.09120292159815288
[9, 31],0.03743085528241165
[4, 9, 31],0.03517515185663682
[31, 36],0.03666459926000442
[4, 31, 36],0.0334364947788154
[10, 31],0.03839257483874205
[4, 10, 31],0.03461884803347706
[2, 31],0.03925330042028572
[2, 4, 31],0.035468628811485645
[34],0.10719110606482607
[4, 34],0.07373727810165083
[9, 34],0.03035637773850347
[4, 9, 34],0.02747384754496691
[34, 36],0.037091996739869404
[4, 34, 36],0.030685522507462107
[43],0.10022023922511449
[4, 43],0.0869375267185171
[9, 43],0.038778046124946085
[4, 9, 43],0.03671460938686843
[36, 43],0.0341274088337844
[4, 36, 43],0.031381837538076475
[10, 43],0.05372219481750771
[4, 10, 43],0.04737094678986935
[2, 43],0.03874739178849421
[2, 4, 43],0.03553528794675419
[31, 43],0.026955250345614256
[35],0.08876631952448999
[4, 35],0.07517103324083742
[9, 35],0.029429577207363403
[4, 9, 35],0.027735564931100024
[35, 36],0.03256903944011928
[4, 35, 36],0.02962064071537491
[10, 35],0.03253148756473571
[4, 10, 35],0.029004322723707773
[2, 35],0.02855067532769333
[2, 4, 35],0.02610900063465343
[35, 43],0.024332301212506922
[37],0.07550973743212722
[4, 37],0.06679595818526536
[9, 37],0.027588821666362635
[4, 9, 37],0.02571056106990236
[36, 37],0.025102489599197378
[4, 36, 37],0.023014409892811533
[10, 37],0.03462916105292297
[4, 10, 37],0.03125070680191679
[2, 37],0.02680865519237582
[2, 4, 37],0.024527169780221268
[31, 37],0.021164350765776805
[4, 31, 37],0.019385979056776814
[37, 43],0.027583247205256466
[4, 37, 43],0.024927135907905018
[11, 37],0.02404199571706294
[4, 11, 37],0.021120399293256483
[38],0.07475506720678682
[4, 38],0.05643990824661138
[9, 38],0.021899368659654642
[4, 9, 38],0.01952291457716517
[36, 38],0.022728835954415102
[4, 36, 38],0.019281221464970966
[10, 38],0.03061276291828398
[4, 10, 38],0.024093342726742385
[2, 38],0.022798296818164834
[2, 4, 38],0.019235545360647293
[38, 43],0.01921862084535142
[11, 38],0.01941408284041945
[24],0.07263973399393041
[4, 24],0.0722744791568836
[9, 24],0.030624247317849598
[4, 9, 24],0.028739619261704194
[24, 36],0.0329056821212382
[4, 24, 36],0.03033397197311229
[10, 24],0.029734755211432717
[4, 10, 24],0.027121320045455883
[2, 24],0.030028954960847096
[2, 4, 24],0.027524978775183312
[24, 31],0.022985285952848898
[4, 24, 31],0.021268174031665428
[24, 43],0.023085012805916225
[4, 24, 43],0.021271528828157204
[11, 24],0.021267836313781284
[4, 11, 24],0.019318308146610078
[24, 35],0.05236121563850386
[4, 24, 35],0.04502930917010301
[9, 24, 35],0.019250766424753835
[4, 9, 24, 35],0.01828295366619831
[24, 35, 36],0.020767229093510378
[4, 24, 35, 36],0.019536853139558434
[10, 24, 35],0.0195457212638629
[2, 24, 35],0.018744101734811853
[54],0.05923211285261815
[4, 54],0.05923211285261815
[9, 54],0.04728056792285632
[4, 9, 54],0.044831875850213435
[36, 54],0.04452601077427772
[4, 36, 54],0.04189043413913586
[9, 36, 54],0.027238999354323768
[4, 9, 36, 54],0.0264931870354516
[10, 54],0.048280451302312094
[4, 10, 54],0.0446880411659869
[9, 10, 54],0.027134686306575437
[4, 9, 10, 54],0.026335475756404717
[10, 36, 54],0.02502359885763162
[4, 10, 36, 54],0.024081362017985726
[9, 10, 36, 54],0.017033899953889032
[4, 9, 10, 36, 54],0.016712298167647372
[2, 54],0.041357971657543804
[2, 4, 54],0.03926524980726514
[2, 9, 54],0.025608189628884857
[2, 4, 9, 54],0.025067471714718195
[2, 36, 54],0.024565722028034837
[2, 4, 36, 54],0.02391570364625154
[2, 9, 36, 54],0.017287427437958705
[2, 4, 9, 36, 54],0.01706726468991903
[2, 10, 54],0.026003965692132317
[2, 4, 10, 54],0.02524121232316282
[2, 9, 10, 54],0.017314589814824446
[2, 4, 9, 10, 54],0.01710587456864529
[2, 10, 36, 54],0.01629501000241434
[2, 4, 10, 36, 54],0.016017064011260962
[31, 54],0.029334899311890112
[4, 31, 54],0.027972214911007758
[9, 31, 54],0.017484840831331772
[4, 9, 31, 54],0.017184602236427943
[31, 36, 54],0.016890499903412834
[4, 31, 36, 54],0.016484119869288105
[10, 31, 54],0.01932299784145769
[4, 10, 31, 54],0.018765792528565358
[2, 31, 54],0.018183002997752152
[2, 4, 31, 54],0.01768833997949572
[34, 54],0.023506769988905715
[4, 34, 54],0.021783532105709835
[43, 54],0.03423245931595065
[4, 43, 54],0.03246247909155645
[9, 43, 54],0.02047682065535529
[4, 9, 43, 54],0.02006344148687212
[36, 43, 54],0.01915700155916547
[4, 36, 43, 54],0.01853047646481485
[10, 43, 54],0.023926030202590546
[4, 10, 43, 54],0.02312483274475663
[9, 10, 43, 54],0.015289983588059282
[4, 9, 10, 43, 54],0.015047609171226533
[2, 43, 54],0.0206936365201212
[2, 4, 43, 54],0.02017123923249735
[2, 10, 43, 54],0.01534016694143863
[2, 4, 10, 43, 54],0.015044958422689384
[11, 54],0.03546760958615804
[4, 11, 54],0.03285067942034583
[9, 11, 54],0.02005546271263414
[4, 9, 11, 54],0.019560848679526704
[11, 36, 54],0.019754927845625183
[4, 11, 36, 54],0.018990912090463868
[10, 11, 54],0.023729691073262036
[4, 10, 11, 54],0.02270515331352832
[2, 11, 54],0.020087787508979205
[2, 4, 11, 54],0.019394986540235016
[2, 10, 11, 54],0.014848497789895486
[11, 43, 54],0.01774533797462926
[4, 11, 43, 54],0.017158824330984732
[35, 54],0.027053848171470735
[4, 35, 54],0.025333988672916318
[9, 35, 54],0.015152883553016801
[4, 9, 35, 54],0.01491834811274093
[35, 36, 54],0.015806780862757674
[4, 35, 36, 54],0.015314062654756478
[10, 35, 54],0.01671544447104462
[4, 10, 35, 54],0.01613547675947153
[2, 35, 54],0.015120243696128674
[37, 54],0.03001160790899751
[4, 37, 54],0.02776794413373948
[9, 37, 54],0.016353626508931657
[4, 9, 37, 54],0.015958791450338593
[36, 37, 54],0.015287175356367613
[4, 36, 37, 54],0.01483363505577276
[10, 37, 54],0.018518902258611906
[4, 10, 37, 54],0.017789257305917332
[2, 37, 54],0.01594829430414246
[2, 4, 37, 54],0.015442808383304743
[37, 43, 54],0.015048600479064972
[38, 54],0.019536947064710874
[4, 38, 54],0.01765016433313045
[24, 54],0.021546129592031435
[4, 24, 54],0.02031798458406741
[54, 82],0.022447747595180534
[4, 54, 82],0.0213078757597769
[10, 54, 82],0.014823252689305714
[54, 63],0.021919692310492952
[4, 54, 63],0.020690496842266058
[54, 64],0.017110470654509418
[4, 54, 64],0.016206255399937804
[54, 173],0.019125475813234528
[4, 54, 173],0.018170841736401627
[9, 54, 173],0.017133815077200666
[4, 9, 54, 173],0.016375323260942317
[54, 66],0.023661978565768044
[4, 54, 66],0.022287053205749606
[15],0.014723824229882273
[4, 15],0.01824571720854565
[17],0.03977432309451828
[4, 17],0.03977432309451828
[9, 17],0.0330990211353147
[4, 9, 17],0.030390977749423464
[17, 36],0.02893542759277036
[4, 17, 36],0.02664867683303617
[9, 17, 36],0.01765037548645051
[4, 9, 17, 36],0.016743223118276074
[10, 17],0.02561251718517789
[4, 10, 17],0.023837781161087125
[9, 10, 17],0.01533045321356276
[4, 9, 10, 17],0.014811873234241841
[10, 17, 36],0.013005476870533947
[4, 10, 17, 36],0.012476406935044506
[2, 17],0.026568265630596243
[2, 4, 17],0.025094363482152056
[2, 9, 17],0.016278114348628064
[2, 4, 9, 17],0.01578295937098203
[2, 17, 36],0.014773065327248494
[2, 4, 17, 36],0.014319047398152906
[2, 9, 17, 36],0.010232451207042456
[2, 4, 9, 17, 36],0.010015989921468904
[2, 10, 17],0.014591127646771227
[2, 4, 10, 17],0.01408485200535246
[17, 31],0.019644316226798592
[4, 17, 31],0.018443218146528325
[9, 17, 31],0.011469586357958637
[4, 9, 17, 31],0.011075003129109487
[17, 31, 36],0.010397153846090254
[10, 17, 31],0.010876257324547401
[4, 10, 17, 31],0.01044324625797741
[2, 17, 31],0.01169203304097609
[2, 4, 17, 31],0.011309216419207197
[17, 34],0.015338494056130823
[4, 17, 34],0.013854500992986702
[17, 43],0.01840373974759228
[4, 17, 43],0.01748761307924332
[9, 17, 43],0.01138547171284511
[4, 9, 17, 43],0.011080419537536681
[10, 17, 43],0.012320910142915155
[4, 10, 17, 43],0.011837324795628242
[2, 17, 43],0.01109032925187167
[2, 4, 17, 43],0.010789325465082801
[11, 17],0.01613769876624742
[4, 11, 17],0.015280722795541499
[10, 11, 17],0.010352165038052455
[17, 35],0.014594354021536195
[4, 17, 35],0.013775390560827536
[17, 37],0.01350261963745858
[4, 17, 37],0.012760081572597745
[17, 24],0.012233920085943843
[4, 17, 24],0.01163941269423417
[17, 54],0.010498575834540313
[4, 17, 54],0.010096616333152562
[17, 66],0.012309932360787224
[4, 17, 66],0.01172283919727584
[12, 17],0.011675669276192307
[4, 12, 17],0.010901308535902172
[17, 64],0.01204444103094047
[4, 17, 64],0.011027562888852782
[17, 71],0.010650781800788055
[4, 17, 71],0.010195508728793904
[17, 93],0.010342864628331238
[17, 62],0.010054900014288387
[17, 63],0.011156037225078377
[4, 17, 63],0.010621362175456546
[17, 82],0.011349492204735852
[4, 17, 82],0.010774227714101433
[18],0.03868520810588448
[4, 18],0.03868520810588448
[9, 18],0.026186576735354555
[4, 9, 18],0.0243868254500786
[18, 36],0.025610967769235916
[4, 18, 36],0.02321649137812653
[9, 18, 36],0.01421950856257156
[4, 9, 18, 36],0.013595617823681563
[10, 18],0.02220339861405559
[4, 10, 18],0.02043279022151659
[9, 10, 18],0.011901067565610834
[4, 9, 10, 18],0.011473009545902276
[10, 18, 36],0.010507314091025897
[4, 10, 18, 36],0.010072081102020635
[2, 18],0.023888267743375748
[2, 4, 18],0.022143756666356464
[2, 9, 18],0.013062564841397215
[2, 4, 9, 18],0.01266449632389703
[2, 18, 36],0.012897056080286564
[2, 4, 18, 36],0.012276779254747064
[2, 10, 18],0.01166275156354178
[2, 4, 10, 18],0.011175907136483119
[18, 31],0.016832444619351218
[4, 18, 31],0.015528694409274166
[18, 34],0.013232322496761123
[4, 18, 34],0.011652999259813876
[18, 43],0.016735041331935954
[4, 18, 43],0.015581133961560635
[10, 18, 43],0.010046830839704066
[11, 18],0.014545784502892558
[4, 11, 18],0.013594965027771189
[18, 35],0.013313245007671632
[4, 18, 35],0.012284484044713473
[18, 37],0.012831888161537738
[4, 18, 37],0.01202876562372509
[18, 24],0.011011650845170449
[4, 18, 24],0.010255152744938307
[17, 18],0.012883264513305431
[4, 17, 18],0.011453493828398706
[18, 66],0.012451449285062071
[4, 18, 66],0.01148887798555515
[18, 63],0.011394551281510092
[4, 18, 63],0.010447781406634016
[18, 64],0.011118828952232353
[4, 18, 64],0.010186677996165334
[18, 82],0.011207475952748581
[4, 18, 82],0.010550216519985094
[19],0.018359309237719355
[4, 19],0.018359309237719355
[9, 19],0.018359309237719355
[4, 9, 19],0.01872733737274689
[19, 36],0.017291279587460608
[4, 19, 36],0.016446287091650514
[9, 19, 36],0.010993888388469063
[4, 9, 19, 36],0.010795077220940849
[10, 19],0.018359309237719355
[4, 10, 19],0.018359309237719355
[9, 10, 19],0.011190060394917333
[4, 9, 10, 19],0.01104165034998927
[2, 19],0.018212318010700473
[2, 4, 19],0.017421427353824324
[2, 9, 19],0.011084845917490583
[2, 4, 9, 19],0.010902726088002064
[2, 19, 36],0.010038135113526494
[2, 10, 19],0.011096696798256108
[2, 4, 10, 19],0.010922502469871127
[19, 31],0.013411774777567526
[4, 19, 31],0.012829968355088223
[19, 43],0.015559555049242847
[4, 19, 43],0.014948203031580225
[10, 19, 43],0.010805769089866784
[4, 10, 19, 43],0.010547818582169395
[11, 19],0.013708123354121818
[4, 11, 19],0.01304089624368703
[19, 35],0.010525619912512274
[4, 19, 35],0.010101808913253912
[19, 37],0.010886431352755735
[4, 19, 37],0.010438148055480415
[19, 82],0.01064457353989134
[4, 19, 82],0.010339436499753864
[20],0.02513102581795579
[4, 20],0.02513102581795579
[9, 20],0.017633137610371236
[4, 9, 20],0.01682260302255101
[20, 36],0.01915245869117784
[4, 20, 36],0.017879756409599597
[9, 20, 36],0.010389040386806485
[4, 9, 20, 36],0.010120100860967096
[10, 20],0.014432731966944464
[4, 10, 20],0.013518059330929522
[2, 20],0.01706566332722513
[2, 4, 20],0.01574637503291644
[20, 31],0.011094564080228063
[4, 20, 31],0.010428241236791341
[20, 34],0.010216648902544662
[20, 43],0.011604098178252111
[4, 20, 43],0.011019788634409541
[11, 20],0.010360329810280504
[25],0.024015964996163673
[4, 25],0.024015964996163673
[9, 25],0.013422771056739027
[4, 9, 25],0.012463713653897025
[25, 36],0.011694499594696438
[4, 25, 36],0.010777962993277514
[10, 25],0.010879014401960515
[4, 10, 25],0.010015061291194546
[2, 25],0.0114985413701057
[2, 4, 25],0.01049292469963076
[27],0.017513514134423626
[4, 27],0.017513514134423626
[27, 36],0.010111972224847037
[29],0.03204353384114276
[4, 29],0.03204353384114276
[9, 29],0.02393890787855299
[4, 9, 29],0.022678468355805916
[29, 36],0.03204353384114276
[4, 29, 36],0.03204353384114276
[9, 29, 36],0.019379593100111208
[4, 9, 29, 36],0.018574751728139112
[10, 29],0.01335911400323254
[4, 10, 29],0.012681051364002742
[10, 29, 36],0.010786030000841898
[4, 10, 29, 36],0.010383113432241475
[2, 29],0.014118623570607718
[2, 4, 29],0.013524049356961942
[2, 29, 36],0.011742074628026506
[2, 4, 29, 36],0.011420000695646687
[29, 31],0.010804617304798238
[4, 29, 31],0.010206414275407666
[29, 34],0.012146355975451656
[4, 29, 34],0.01124320760517744
[11, 29],0.010231871513445125
[29, 64],0.010982080979300488
[4, 29, 64],0.010011983177479313
[30],0.023221952708619598
[4, 30],0.023221952708619598
[9, 30],0.014871893114324897
[4, 9, 30],0.014058917578442612
[30, 36],0.014356315678220143
[4, 30, 36],0.013330273950999533
[10, 30],0.014039284169052216
[4, 10, 30],0.01308344041242493
[2, 30],0.014576782219102837
[2, 4, 30],0.0134635597764589
[30, 31],0.013574401268439258
[4, 30, 31],0.01243481173923497
[30, 43],0.010571724111629375
[4, 30, 43],0.010009682221867301
[32],0.011364748839780725
[4, 32],0.014039761582005648
[33],0.021367892552308698
[4, 33],0.021367892552308698
[9, 33],0.014800298594012024
[4, 9, 33],0.01410903358197213
[33, 36],0.013929183421623968
[4, 33, 36],0.013078415747162047
[10, 33],0.014782342667207972
[4, 10, 33],0.013769796738015462
[2, 33],0.013995411871839133
[2, 4, 33],0.013258887970427458
[31, 33],0.011292286772351907
[4, 31, 33],0.010632290272914466
[33, 43],0.012034811684276664
[4, 33, 43],0.011374241684196143
[39],0.014099707741103086
[4, 39],0.014099707741103086
[9, 39],0.014099707741103086
[4, 9, 39],0.02090970542740967
[36, 39],0.014099707741103086
[4, 36, 39],0.013733432269797341
[9, 36, 39],0.012651625896294125
[4, 9, 36, 39],0.012384367092901534
[2, 39],0.011815288783851727
[2, 4, 39],0.01147185472559981
[2, 9, 39],0.010604643112837415
[2, 4, 9, 39],0.010368690283072874
[44],0.01087106439374789
[4, 44],0.01087106439374789
[9, 44],0.01087106439374789
[4, 9, 44],0.013185767306788576
[36, 44],0.01087106439374789
[4, 36, 44],0.010725190400541242
[10, 44],0.01087106439374789
[4, 10, 44],0.012589609837962455
[2, 44],0.01087106439374789
[2, 4, 44],0.012103853549048966
[43, 44],0.010390793678805346
[4, 43, 44],0.010083482801254779
[48],0.02838979331632209
[4, 48],0.02838979331632209
[9, 48],0.024095663409090442
[4, 9, 48],0.023177210910445306
[36, 48],0.02284750053452035
[4, 36, 48],0.021524785379844
[9, 36, 48],0.013402949100379135
[4, 9, 36, 48],0.013098421072237021
[10, 48],0.024062413138737054
[4, 10, 48],0.02276744108224758
[9, 10, 48],0.012823197998258096
[4, 9, 10, 48],0.012591043253666324
[10, 36, 48],0.011378660816649802
[4, 10, 36, 48],0.011086750096912776
[2, 48],0.023070521699026795
[2, 4, 48],0.02203291137128833
[2, 9, 48],0.013504366687467727
[2, 4, 9, 48],0.013301737680320785
[2, 36, 48],0.012656727654523777
[2, 4, 36, 48],0.012307496121672434
[2, 10, 48],0.01283287351174945
[2, 4, 10, 48],0.01250222365981529
[31, 48],0.017654558288055566
[4, 31, 48],0.01693526740880561
[10, 31, 48],0.010318299542941584
[4, 10, 31, 48],0.01005665126634526
[2, 31, 48],0.010462352982873168
[2, 4, 31, 48],0.010276550493259817
[34, 48],0.011178304077198357
[4, 34, 48],0.01045196429108126
[43, 48],0.021139928544755614
[4, 43, 48],0.020012130183562807
[9, 43, 48],0.01161312355748174
[4, 9, 43, 48],0.011411541029833983
[10, 43, 48],0.013518584084398863
[4, 10, 43, 48],0.013074524338215241
[2, 43, 48],0.011660660398552238
[2, 4, 43, 48],0.01129339233301067
[11, 48],0.015808242450066172
[4, 11, 48],0.014851226292500653
[10, 11, 48],0.010721492573672761
[4, 10, 11, 48],0.010330648908166436
[35, 48],0.01648147677221055
[4, 35, 48],0.015603987312430883
[37, 48],0.01337455500766688
[4, 37, 48],0.012719395224759615
[38, 48],0.010303132106492871
[24, 48],0.014884712109814922
[4, 24, 48],0.014024869476195993
[24, 35, 48],0.010237180996130232
[48, 54],0.01166815897864657
[4, 48, 54],0.011183405483452855
[48, 82],0.011288489525164369
[4, 48, 82],0.010848359108940511
[48, 66],0.012874424195565618
[4, 48, 66],0.012234791992254994
[48, 64],0.010041861352609753
[48, 63],0.011554951130902444
[4, 48, 63],0.011072694262086569
[58],0.016260132747491437
[4, 58],0.016260132747491437
[9, 58],0.012308056222340684
[4, 9, 58],0.011448701152080057
[36, 58],0.016185437875045283
[4, 36, 58],0.014303652263980577
[10, 58],0.010284193302125101
[2, 58],0.011795645255893569
[2, 4, 58],0.010707665765955185
[59],0.013112589680366505
[4, 59],0.013112589680366505
[36, 59],0.010678237048100909
[60],0.026142723675850722
[4, 60],0.026142723675850722
[9, 60],0.02311600697308495
[4, 9, 60],0.021299355749240998
[36, 60],0.018022437362133752
[4, 36, 60],0.016707669029574948
[9, 36, 60],0.012198521224799527
[4, 9, 36, 60],0.011673051804800688
[10, 60],0.013046848377314289
[4, 10, 60],0.012258656514084115
[2, 60],0.01481397647435367
[2, 4, 60],0.01388807725043464
[31, 60],0.010006097237299512
[43, 60],0.01027552974922585
[64],0.07407830689932694
[4, 64],0.06867650982739719
[9, 64],0.04026700374499398
[4, 9, 64],0.03549015376495739
[36, 64],0.036392374484577966
[4, 36, 64],0.03224764149872821
[9, 36, 64],0.020719755401307813
[4, 9, 36, 64],0.019204426415811108
[2, 64],0.026325234894601496
[2, 4, 64],0.02372652227613068
[11, 64],0.01918365184674409
[10, 64],0.027634274176183454
[4, 10, 64],0.02456471460581178
[43, 64],0.018588868483691505
[31, 64],0.01991161962315174
[63],0.06311162426760682
[4, 63],0.06311162426760682
[9, 63],0.04223673576566167
[4, 9, 63],0.04015253423225964
[36, 63],0.04264481349483435
[4, 36, 63],0.039316511991041095
[9, 36, 63],0.02354077348017954
[4, 9, 36, 63],0.02293929617839952
[2, 63],0.042332870199289274
[2, 4, 63],0.039464480976622515
[2, 9, 63],0.02426380364504424
[2, 4, 9, 63],0.023631446888537078
[2, 36, 63],0.023497932551741787
[2, 4, 36, 63],0.022652645326629816
[2, 10, 63],0.02357476106530645
[2, 4, 10, 63],0.022745380709804947
[63, 64],0.017529085051919694
[4, 63, 64],0.01648856099761046
[31, 63],0.02989185860155654
[4, 31, 63],0.028254929654811377
[9, 31, 63],0.016451728355273497
[4, 9, 31, 63],0.016182487066324705
[31, 36, 63],0.016256149233468555
[2, 31, 63],0.018414495070126307
[2, 4, 31, 63],0.01784394862407952
[10, 31, 63],0.017298629913647334
[4, 10, 31, 63],0.01669181967107118
[10, 63],0.042501628638956714
[4, 10, 63],0.039143370357601986
[9, 10, 63],0.02257529391049729
[4, 9, 10, 63],0.022000717590617884
[10, 36, 63],0.021006340254252083
[4, 10, 36, 63],0.020125261621143864
[34, 63],0.02466731416859701
[4, 34, 63],0.02230651667203498
[43, 63],0.03660073860309424
[4, 43, 63],0.034353487511924186
[10, 43, 63],0.02278143441659839
[4, 10, 43, 63],0.02191881381713973
[2, 43, 63],0.021945931361048443
[2, 4, 43, 63],0.021215663179380187
[9, 43, 63],0.0201661229153301
[4, 9, 43, 63],0.019719121336864424
[36, 43, 63],0.018403200889255133
[4, 36, 43, 63],0.017780990626662097
[11, 63],0.03166692678911338
[4, 11, 63],0.02932094778107667
[10, 11, 63],0.019663197177834005
[4, 10, 11, 63],0.018847452778834168
[2, 11, 63],0.018522885903405298
[2, 4, 11, 63],0.017791756925330936
[11, 43, 63],0.017035809041067055
[4, 11, 43, 63],0.01634959594372317
[9, 11, 63],0.017447680569729673
[4, 9, 11, 63],0.01709986463321857
[11, 36, 63],0.017338299663841556
[4, 11, 36, 63],0.016682496410603494
[63, 82],0.02165810097175984
[4, 63, 82],0.02049792211126353
[35, 63],0.033975116428892824
[4, 35, 63],0.03085004522333511
[9, 35, 63],0.016935087826437493
[4, 9, 35, 63],0.016452940003964873
[2, 35, 63],0.018487968480512942
[2, 4, 35, 63],0.01771861945376623
[35, 43, 63],0.016023807944101513
[35, 36, 63],0.017711266007228783
[4, 35, 36, 63],0.016919697611546224
[10, 35, 63],0.017984973457271757
[4, 10, 35, 63],0.01719188907902754
[37, 63],0.02314567692852262
[4, 37, 63],0.021851089753688893
[63, 66],0.03312052159414877
[4, 63, 66],0.029726719958867154
[9, 63, 66],0.017094005299282972
[4, 9, 63, 66],0.0165293768200556
[36, 63, 66],0.01712806720519952
[4, 36, 63, 66],0.01618046590700775
[10, 63, 66],0.01718560811843601
[4, 10, 63, 66],0.016271564193157683
[2, 63, 66],0.018188681257965255
[2, 4, 63, 66],0.01734127408827571
[43, 63, 66],0.016081240449912874
[38, 63],0.020516306732715046
[4, 38, 63],0.018152934936112287
[24, 63],0.027437831277543973
[4, 24, 63],0.02513512891958508
[24, 35, 63],0.016942961530480926
[4, 24, 35, 63],0.015967717408091636
[61],0.0506345564521549
[4, 61],0.0506345564521549
[9, 61],0.03101250700013201
[4, 9, 61],0.029075446772595433
[36, 61],0.03335511047415628
[4, 36, 61],0.030413112524513418
[9, 36, 61],0.017860971587982208
[4, 9, 36, 61],0.01719719024373665
[2, 61],0.028624090891897734
[2, 4, 61],0.026871084432413234
[2, 9, 61],0.0155013090479218
[2, 4, 9, 61],0.015086118009971486
[2, 36, 61],0.01643754755934099
[2, 4, 36, 61],0.01580752284381022
[2, 10, 61],0.015106672872335832
[2, 4, 10, 61],0.014626479898980086
[61, 64],0.012980072508403943
[61, 63],0.01802914785155538
[4, 61, 63],0.01646509127962391
[10, 61],0.027184098162272196
[4, 10, 61],0.025342980708025858
[10, 36, 61],0.014289294781146355
[4, 10, 36, 61],0.013848024053001846
[9, 10, 61],0.014607634871783093
[4, 9, 10, 61],0.014188070043469673
[31, 61],0.02005478683956506
[4, 31, 61],0.0188036106476115
[35, 61],0.01774628883371179
[4, 35, 61],0.01637577884518591
[37, 61],0.014049683813548404
[4, 37, 61],0.013317123337131665
[43, 61],0.021485244938135476
[4, 43, 61],0.020241380494400947
[10, 43, 61],0.01339631513941663
[4, 10, 43, 61],0.012897676816538181
[61, 82],0.01327944055173038
[61, 66],0.02335766446307728
[4, 61, 66],0.021217090853034554
[34, 61],0.018057853229896195
[4, 34, 61],0.01622184994748573
[38, 61],0.01408135100393243
[4, 38, 61],0.012679259407490122
[24, 61],0.013054995783704374
[11, 61],0.017046660685041962
[4, 11, 61],0.015837388765770424
[62],0.046281784815458415
[4, 62],0.046281784815458415
[9, 62],0.039198976391172036
[4, 9, 62],0.03791102724812939
[36, 62],0.046281784815458415
[4, 36, 62],0.046281784815458415
[9, 36, 62],0.028805143471480603
[4, 9, 36, 62],0.028121232447408676
[2, 62],0.03752504069397446
[2, 4, 62],0.03619829973292876
[2, 9, 62],0.02270039510462348
[2, 4, 9, 62],0.022298941705935504
[2, 36, 62],0.027015433955962075
[2, 4, 36, 62],0.026357974459733566
[2, 9, 36, 62],0.01773875261425841
[2, 4, 9, 36, 62],0.017513397995089462
[2, 10, 62],0.020653861272578275
[2, 4, 10, 62],0.020248612503698277
[2, 9, 10, 62],0.013618316313180542
[2, 4, 9, 10, 62],0.01345066713090851
[2, 10, 36, 62],0.015158611199472349
[2, 4, 10, 36, 62],0.014957286796722244
[62, 64],0.01707956132684757
[4, 62, 64],0.016238709380843406
[36, 62, 64],0.012768287634691879
[4, 36, 62, 64],0.012372378907081885
[62, 63],0.016824681370577608
[4, 62, 63],0.016186259374437094
[36, 62, 63],0.012124021795464844
[4, 36, 62, 63],0.011817853766184805
[12, 62],0.01863869055788823
[4, 12, 62],0.017971991466391838
[9, 12, 62],0.011692707603005803
[12, 36, 62],0.013652209098594685
[4, 12, 36, 62],0.013295880340349528
[10, 62],0.03479091917701334
[10, 36, 62],0.02348736556194219
[9, 10, 36, 62],0.015043172918995009
[4, 9, 10, 36, 62],0.014847278270176416
[4, 10, 36, 62],0.022865262006990225
[9, 10, 62],0.020211159106930353
[4, 9, 10, 62],0.01984858120575284
[4, 10, 62],0.03326067846865352
[31, 62],0.026222661604364633
[31, 36, 62],0.018503338391491223
[4, 31, 36, 62],0.01808071533298837
[9, 31, 36, 62],0.012110836868148539
[4, 9, 31, 36, 62],0.01196356869667414
[10, 31, 62],0.015269191989666865
[4, 10, 31, 62],0.014968548165329307
[4, 31, 62],0.025374180639020315
[9, 31, 62],0.01567330605307949
[4, 9, 31, 62],0.015419864902842037
[2, 31, 62],0.016454740363690892
[2, 4, 31, 62],0.01614802857418524
[2, 31, 36, 62],0.012587398380761866
[2, 4, 31, 36, 62],0.012427349587971401
[54, 62],0.015959383559858504
[36, 54, 62],0.011994274802162024
[4, 36, 54, 62],0.01178480357141267
[4, 54, 62],0.015537099403291786
[34, 62],0.018115494096731626
[34, 36, 62],0.013626320756549503
[4, 34, 36, 62],0.013070990264009692
[4, 34, 62],0.017123894911838695
[37, 62],0.018460610333576002
[36, 37, 62],0.012469392020139167
[4, 36, 37, 62],0.012274563093299416
[10, 37, 62],0.011699167908858275
[4, 37, 62],0.01785931841405204
[2, 37, 62],0.011746301723546518
[2, 4, 37, 62],0.011583891490398597
[62, 75],0.014661155287022127
[36, 62, 75],0.011884558535316517
[4, 62, 75],0.01392808598777638
[43, 62],0.025652822379926183
[4, 43, 62],0.02473965030111027
[10, 43, 62],0.017127611725202947
[4, 10, 43, 62],0.016638577370552764
[10, 36, 43, 62],0.012172724041757699
[4, 10, 36, 43, 62],0.011944613161439748
[2, 43, 62],0.016677669289843343
[2, 4, 43, 62],0.016363132037970022
[2, 10, 43, 62],0.011922368223201429
[2, 4, 10, 43, 62],0.011750726167486618
[2, 36, 43, 62],0.012497989932177654
[2, 4, 36, 43, 62],0.012296863966128575
[9, 43, 62],0.015573616551092212
[4, 9, 43, 62],0.015285209155274645
[31, 43, 62],0.012055034900303505
[4, 31, 43, 62],0.011838056508402951
[36, 43, 62],0.018001430392888755
[4, 36, 43, 62],0.01753478020079969
[9, 36, 43, 62],0.01180598528251026
[4, 9, 36, 43, 62],0.011639868657645056
[11, 62],0.02479249180734325
[4, 11, 62],0.023753509811589715
[9, 11, 62],0.014482344677156932
[4, 9, 11, 62],0.014235918176011386
[10, 11, 62],0.015966829052321625
[4, 10, 11, 62],0.015525356289570523
[2, 11, 62],0.01563087855443382
[2, 4, 11, 62],0.015299968478686594
[2, 11, 36, 62],0.011733423965629639
[11, 43, 62],0.01196527833813715
[4, 11, 43, 62],0.011651052874681702
[11, 36, 62],0.01761838628706468
[4, 11, 36, 62],0.01712540734090993
[62, 71],0.014908107552863871
[4, 62, 71],0.01432798749674713
[62, 93],0.014800588218729467
[4, 62, 93],0.014455628437772856
[62, 66],0.01797541997958463
[4, 62, 66],0.017397437377298396
[36, 62, 66],0.013232908176077685
[4, 36, 62, 66],0.012927406930161166
[24, 62],0.016619254538501067
[4, 24, 62],0.01613288659707977
[24, 36, 62],0.012315242636957031
[4, 24, 36, 62],0.012079467836747059
[62, 82],0.016915481989788605
[4, 62, 82],0.016315856352715
[62, 140],0.012928888080025031
[4, 62, 140],0.012282789780718945
[62, 110],0.012037013030956237
[4, 62, 110],0.011707922375636424
[35, 62],0.020212293991939276
[4, 35, 62],0.01951890173824089
[10, 35, 62],0.011882295523865471
[4, 10, 35, 62],0.011634409515933608
[2, 35, 62],0.012262624675172985
[2, 4, 35, 62],0.01215589198143835
[9, 35, 62],0.011964560883356758
[4, 9, 35, 62],0.01179563053546137
[35, 36, 62],0.014842783912352933
[4, 35, 36, 62],0.014537172589218095
[66],0.07110951078152518
[4, 66],0.07110951078152518
[9, 66],0.03468060636244279
[4, 9, 66],0.03246226690163794
[36, 66],0.036401962510472716
[4, 36, 66],0.03309882171693145
[9, 36, 66],0.019013068135106042
[4, 9, 36, 66],0.01836125850761226
[2, 66],0.03558510244522493
[2, 4, 66],0.03291597721579885
[2, 9, 66],0.01931185914205316
[2, 4, 9, 66],0.018616369683252917
[2, 36, 66],0.018760928556244096
[2, 4, 36, 66],0.01788960380908504
[2, 10, 66],0.019072598238212314
[2, 4, 10, 66],0.018159264054826256
[10, 66],0.036108805985562833
[4, 10, 66],0.03241383528952798
[31, 66],0.026751719333670227
[4, 31, 66],0.024660468920263138
[43, 66],0.031024289208685378
[4, 43, 66],0.02819216747124642
[10, 43, 66],0.018943481658109388
[34, 66],0.02175086438420089
[4, 34, 66],0.01911032285420022
[35, 66],0.027559714085043627
[4, 35, 66],0.02451406098174433
[38, 66],0.020135329736531912
[24, 66],0.02254812250913112
[4, 24, 66],0.020214276754152338
[11, 66],0.02479221788858303
[4, 11, 66],0.022629549140249464
[37, 66],0.020124933954305976
[4, 37, 66],0.018684389856035804
[65],0.03193470609467588
[4, 65],0.03193470609467588
[9, 65],0.022969813339992557
[4, 9, 65],0.021939819779874165
[36, 65],0.028076405023037314
[4, 36, 65],0.025795141833059525
[9, 36, 65],0.014453085504658644
[4, 9, 36, 65],0.013955636975323548
[2, 65],0.020781344286626865
[2, 4, 65],0.019561186206247395
[2, 9, 65],0.011364422454890598
[2, 4, 9, 65],0.0111571546380396
[2, 36, 65],0.012581344252529918
[2, 4, 36, 65],0.012101881882062753
[65, 66],0.012204070236380255
[4, 65, 66],0.011557761896224738
[20, 65],0.013572379095938619
[4, 20, 65],0.012172908594067635
[54, 65],0.010751165066135007
[4, 54, 65],0.010273406664335034
[10, 65],0.01794108130641524
[4, 10, 65],0.016781844474045095
[10, 36, 65],0.010310765734691833
[43, 65],0.014153517896751228
[4, 43, 65],0.013608148690022063
[11, 65],0.012240254196430959
[4, 11, 65],0.011527606042266188
[31, 65],0.013719221048250553
[4, 31, 65],0.013023478950605736
[34, 65],0.011136653513237355
[4, 34, 65],0.010384427751038726
[35, 65],0.01181216727098834
[4, 35, 65],0.011226993116976837
[67],0.010572645694749848
[4, 67],0.014640197412672144
[69],0.019997042072109967
[4, 69],0.019997042072109967
[9, 69],0.016181525086027958
[4, 9, 69],0.015249013787481069
[36, 69],0.01501264292159303
[4, 36, 69],0.013891099202580639
[2, 69],0.014702496107759581
[2, 4, 69],0.013917135879175521
[10, 69],0.013158370965189025
[4, 10, 69],0.012427774541922306
[43, 69],0.010080704607057001
[71],0.05448881209856086
[31, 71],0.0343713786415583
[4, 31, 71],0.032068058196283174
[9, 31, 71],0.018521091546731226
[4, 9, 31, 71],0.01809103145281913
[31, 36, 71],0.01708662103449751
[4, 31, 36, 71],0.016519106892083427
[10, 31, 71],0.019521671677339678
[4, 10, 31, 71],0.018833945273212457
[2, 31, 71],0.02090809745307692
[2, 4, 31, 71],0.02018460619692402
[2, 10, 31, 71],0.013689886564888553
[63, 71],0.01900850163249974
[4, 63, 71],0.01798303037265259
[12, 71],0.017153757024720214
[4, 12, 71],0.016395945968448306
[4, 71],0.05448881209856086
[9, 71],0.04037273167758225
[4, 9, 71],0.03849015050849555
[35, 71],0.023698172197146428
[4, 35, 71],0.022447049802141374
[35, 36, 71],0.013719534293753121
[10, 35, 71],0.014242847860837078
[4, 10, 35, 71],0.013732684553245875
[2, 35, 71],0.014472477815517009
[2, 4, 35, 71],0.013904672823729824
[36, 71],0.03786475729616833
[4, 36, 71],0.03541268528924109
[9, 36, 71],0.022594505238447582
[4, 9, 36, 71],0.021957221387416667
[10, 71],0.039496572122450904
[4, 10, 71],0.03708589889431809
[9, 10, 71],0.021623391163797166
[4, 9, 10, 71],0.02112615674562425
[10, 36, 71],0.020426283763117548
[4, 10, 36, 71],0.01969100757095487
[2, 71],0.041587724988939416
[2, 4, 71],0.03864831002661579
[2, 9, 71],0.02345616346735066
[2, 4, 9, 71],0.02294040430617735
[2, 36, 71],0.022564494810389666
[2, 4, 36, 71],0.021712603677220766
[2, 9, 36, 71],0.014841041129240196
[2, 4, 9, 36, 71],0.014671554320432323
[2, 10, 71],0.023819040401106172
[2, 4, 10, 71],0.02290874549671112
[2, 9, 10, 71],0.01485702928769745
[2, 4, 9, 10, 71],0.014684554086654216
[2, 10, 36, 71],0.014213653336430276
[2, 4, 10, 36, 71],0.013869476912911672
[34, 71],0.019851995291127404
[4, 34, 71],0.018325037442988485
[43, 71],0.03155414866065272
[4, 43, 71],0.030022509307901124
[9, 43, 71],0.01786624502805661
[4, 9, 43, 71],0.017608185910310187
[36, 43, 71],0.016630036355850693
[4, 36, 43, 71],0.01614417654318253
[10, 43, 71],0.021581649521384097
[4, 10, 43, 71],0.020849744580764253
[2, 43, 71],0.020400267985142183
[2, 4, 43, 71],0.01968824905743099
[2, 10, 43, 71],0.014775733474150173
[2, 4, 10, 43, 71],0.014402467178640771
[31, 43, 71],0.01618378075634257
[4, 31, 43, 71],0.015756758269678817
[11, 71],0.02724020793095209
[4, 11, 71],0.025737513311481164
[9, 11, 71],0.015467135591563038
[4, 9, 11, 71],0.015171076431295614
[11, 36, 71],0.015132294264303271
[4, 11, 36, 71],0.014590490525359334
[10, 11, 71],0.018318857778845534
[4, 10, 11, 71],0.017775684899783345
[2, 11, 71],0.017292884031805282
[2, 4, 11, 71],0.016710732869817287
[11, 43, 71],0.014717837513089126
[4, 11, 43, 71],0.014222791759891145
[37, 71],0.021340654759160207
[4, 37, 71],0.02039563001228003
[10, 37, 71],0.014037183639658751
[64, 71],0.016788224807621134
[4, 64, 71],0.01583427169335704
[71, 82],0.019597933653499173
[4, 71, 82],0.018613970903823135
[38, 71],0.01577975764374486
[4, 38, 71],0.014342888442596957
[66, 71],0.01942325199131047
[4, 66, 71],0.018357415647295827
[54, 71],0.017603852799345898
[4, 54, 71],0.016929782088103414
[24, 71],0.01876945126778646
[4, 24, 71],0.01792343325059484
[72],0.01737416633296025
[4, 72],0.01737416633296025
[9, 72],0.010664304012202684
[75],0.0471899341414576
[4, 75],0.0471899341414576
[10, 75],0.028676594442878595
[4, 10, 75],0.027191833150686073
[10, 36, 75],0.02049444641212869
[4, 10, 36, 75],0.019817102280147776
[9, 10, 36, 75],0.012589803118492674
[4, 9, 10, 36, 75],0.012385355447053593
[9, 10, 75],0.016152546251080816
[4, 9, 10, 75],0.015765168211675878
[34, 75],0.01796579538309126
[4, 34, 75],0.016439517497017553
[34, 36, 75],0.013805073875425162
[4, 34, 36, 75],0.012900277243863542
[43, 75],0.02120284050530638
[4, 43, 75],0.020387762402826234
[10, 43, 75],0.013575168468414847
[4, 10, 43, 75],0.013215254612421635
[36, 43, 75],0.01550393700664687
[4, 36, 43, 75],0.015106059667895506
[2, 43, 75],0.013433594093415869
[2, 4, 43, 75],0.013130076556151539
[9, 43, 75],0.012472883989044966
[4, 9, 43, 75],0.012293223344668999
[36, 75],0.0471899341414576
[4, 36, 75],0.0471899341414576
[9, 36, 75],0.027415958447586226
[4, 9, 36, 75],0.026511853941661435
[11, 75],0.020429561818964246
[4, 11, 75],0.019319132416665292
[11, 36, 75],0.015508945905649331
[4, 11, 36, 75],0.014890934505016445
[10, 11, 75],0.012290676593071936
[4, 10, 11, 75],0.011875512194334782
[2, 11, 75],0.012232739420494302
[2, 4, 11, 75],0.011950022741506004
[9, 75],0.03578631733164747
[4, 9, 75],0.034078165404890025
[37, 75],0.015131853893067402
[4, 37, 75],0.014485847372649248
[12, 75],0.016146869640840996
[12, 36, 75],0.012824610181197836
[4, 12, 36, 75],0.012324103242377362
[4, 12, 75],0.01529124166867141
[2, 75],0.03273993911225406
[2, 4, 75],0.030867101670813364
[2, 10, 75],0.016458542901237907
[2, 4, 10, 75],0.01602798594483524
[2, 10, 36, 75],0.01255020952058466
[2, 4, 10, 36, 75],0.012328363217540229
[2, 9, 75],0.01951753147433843
[2, 4, 9, 75],0.018995226868552054
[2, 36, 75],0.024278372771939814
[2, 4, 36, 75],0.023256590020261356
[2, 9, 36, 75],0.015632041535414254
[2, 4, 9, 36, 75],0.015309162282945047
[75, 82],0.012527066546356627
[4, 75, 82],0.01198553803346747
[63, 75],0.013880765050185042
[4, 63, 75],0.013247233158722168
[54, 75],0.013355148386639334
[4, 54, 75],0.012841339932093519
[75, 93],0.012280867944911992
[31, 75],0.02162864395172351
[4, 31, 75],0.020584415056013466
[9, 31, 75],0.012655895117448565
[4, 9, 31, 75],0.01237777104427375
[31, 36, 75],0.015516722026120124
[4, 31, 36, 75],0.014967761233553109
[2, 31, 75],0.013308029188801886
[2, 4, 31, 75],0.012941286608586525
[35, 75],0.016699605680326537
[4, 35, 75],0.015988379819921412
[35, 36, 75],0.012642196926062126
[4, 35, 36, 75],0.01226266185950667
[24, 75],0.01403838483913846
[4, 24, 75],0.013553558344390471
[66, 75],0.0152287238183128
[4, 66, 75],0.014491820511280014
[64, 75],0.015031191260440441
[4, 64, 75],0.01424470076259027
[75, 140],0.0135002184640119
[4, 75, 140],0.012414393044400455
[77],0.01288151058562654
[9, 77],0.011644615932473519
[4, 9, 77],0.0109184954293837
[4, 77],0.01288151058562654
[36, 77],0.010430322515527156
[80],0.013741551455985102
[4, 80],0.013741551455985102
[10, 80],0.011458332444242438
[4, 10, 80],0.010974340800963855
[9, 80],0.013741551455985102
[4, 9, 80],0.016179068962658364
[12, 80],0.010484498005154594
[4, 12, 80],0.010091547981264349
[2, 80],0.013282909401920708
[2, 4, 80],0.012777018516175978
[80, 87],0.013339548720791064
[4, 80, 87],0.012753503769916866
[9, 80, 87],0.011062253275432117
[4, 9, 80, 87],0.010595267835478006
[36, 80],0.01359201656134498
[4, 36, 80],0.013039585199580966
[9, 36, 80],0.010190258199578637
[82],0.07064522104131996
[4, 82],0.07064522104131996
[10, 82],0.04404557236873073
[4, 10, 82],0.04006115872044784
[9, 10, 82],0.020943733519427094
[4, 9, 10, 82],0.020325703245001332
[10, 36, 82],0.018405164228567302
[31, 82],0.026870569819267807
[4, 31, 82],0.02503010372383849
[43, 82],0.03740400345095876
[4, 43, 82],0.03419326882250774
[10, 43, 82],0.023335295170863815
[4, 10, 43, 82],0.022114105492236785
[2, 43, 82],0.01979340322563463
[2, 4, 43, 82],0.0190027223862838
[9, 43, 82],0.018182204075178107
[4, 9, 43, 82],0.017675200620460373
[66, 82],0.02030466094377445
[4, 66, 82],0.019097414220070316
[2, 82],0.03699687485111255
[2, 4, 82],0.034722683819605006
[2, 10, 82],0.022296029641048265
[2, 4, 10, 82],0.021502697219843315
[2, 9, 82],0.019764669439008037
[2, 4, 9, 82],0.019226948636756266
[2, 36, 82],0.017802992472717993
[34, 82],0.02055264828501609
[4, 34, 82],0.01884602262369292
[11, 82],0.03203948465183659
[4, 11, 82],0.029315480425322404
[10, 11, 82],0.020865641210043556
[4, 10, 11, 82],0.019713573033576806
[2, 11, 82],0.017913268476515386
[9, 82],0.03618538891567529
[4, 9, 82],0.03416804137904088
[38, 82],0.019574451456546453
[36, 82],0.03328085130810699
[4, 36, 82],0.030814569178612423
[9, 36, 82],0.01838432569929266
[4, 9, 36, 82],0.01773126126373827
[35, 82],0.022326310690895634
[4, 35, 82],0.02092955587276013
[37, 82],0.026550297088033806
[4, 37, 82],0.02490132368450231
[24, 82],0.018006588396486983
[81],0.010462946332163013
[4, 81],0.014183703889210248
[84],0.040344916367530334
[4, 84],0.040344916367530334
[36, 84],0.02567957617687365
[4, 36, 84],0.024205271264036737
[9, 36, 84],0.014934691836958733
[4, 9, 36, 84],0.014565667066987722
[10, 84],0.02528982820361369
[4, 10, 84],0.023794230484217846
[10, 36, 84],0.012200162858096521
[4, 10, 36, 84],0.011888834802448935
[9, 10, 84],0.013217997420358155
[4, 9, 10, 84],0.012936604321647473
[43, 84],0.018427106767836966
[4, 43, 84],0.017628536209416856
[10, 43, 84],0.012163639654896868
[4, 10, 43, 84],0.011784188441075974
[2, 43, 84],0.010933524625543083
[2, 4, 43, 84],0.0106182680839817
[9, 43, 84],0.010266184460029327
[4, 9, 43, 84],0.010124055964713843
[11, 84],0.018318066804857584
[4, 11, 84],0.017316270637455587
[10, 11, 84],0.011677902020971406
[4, 10, 11, 84],0.011312295512638886
[2, 11, 84],0.010721089065097309
[2, 4, 11, 84],0.010427481906086387
[35, 84],0.013026237453146553
[4, 35, 84],0.012479936981873652
[24, 84],0.010995770952929368
[4, 24, 84],0.010541737341071918
[2, 84],0.02484156077604563
[2, 4, 84],0.023526535626488997
[2, 10, 84],0.013536533797126733
[2, 4, 10, 84],0.013199049891912232
[2, 9, 84],0.014307854623609135
[2, 4, 9, 84],0.014020256309984214
[2, 36, 84],0.013192027377776538
[2, 4, 36, 84],0.012780512930025882
[63, 84],0.011412749136663047
[4, 63, 84],0.01091297906118251
[9, 84],0.02675197222286995
[4, 9, 84],0.025630615368831655
[31, 84],0.017512999919699138
[4, 31, 84],0.01646985123444448
[2, 31, 84],0.01041657479533467
[2, 4, 31, 84],0.010137941960691593
[37, 84],0.014436473158245878
[4, 37, 84],0.013773824733293999
[82, 84],0.014135191187620886
[4, 82, 84],0.01334285981883978
[64, 84],0.01056649425903252
[66, 84],0.011581861201464918
[4, 66, 84],0.011030814214934332
[54, 84],0.011756873705460538
[4, 54, 84],0.011274833422761565
[34, 84],0.013811413763709505
[4, 34, 84],0.012718105021599865
[83],0.01843252191345227
[4, 83],0.01843252191345227
[36, 83],0.01843252191345227
[4, 36, 83],0.01843252191345227
[9, 36, 83],0.011797456374966578
[4, 9, 36, 83],0.011403836740587378
[75, 83],0.010138024057164498
[9, 83],0.012947107881410333
[4, 9, 83],0.012408906748022737
[87],0.04403767462551778
[9, 87],0.04403767462551778
[4, 9, 87],0.053882466777194854
[36, 87],0.04403767462551778
[9, 36, 87],0.03521500003790763
[4, 9, 36, 87],0.03400596995003634
[4, 36, 87],0.04282443503504012
[10, 87],0.0286589580918327
[9, 10, 87],0.021941323957973293
[4, 9, 10, 87],0.021369369121133908
[10, 36, 87],0.01795522983812504
[9, 10, 36, 87],0.014573238281200695
[4, 9, 10, 36, 87],0.0143602843986525
[4, 10, 36, 87],0.017553283500915038
[4, 10, 87],0.02754817622022053
[34, 87],0.017544427315550813
[9, 34, 87],0.014202612637788473
[4, 9, 34, 87],0.013707202245246516
[34, 36, 87],0.011793333236439172
[4, 34, 36, 87],0.011484640553451723
[4, 34, 87],0.016826549441925912
[37, 87],0.014007034746159261
[4, 37, 87],0.013596402864550796
[12, 87],0.03090204170460907
[9, 12, 87],0.023617395757875748
[4, 9, 12, 87],0.022809898450421102
[12, 36, 87],0.0200937322569905
[9, 12, 36, 87],0.016146278405436098
[4, 9, 12, 36, 87],0.015719861079233517
[4, 12, 36, 87],0.019478254208524354
[10, 12, 87],0.013093253504311097
[4, 10, 12, 87],0.012762080781664433
[4, 12, 87],0.029603811478135535
[2, 12, 87],0.017120512052417575
[2, 4, 12, 87],0.0166221948545989
[2, 9, 12, 87],0.013498226418049989
[2, 4, 9, 12, 87],0.013194891538207536
[2, 12, 36, 87],0.011522640494776987
[2, 4, 12, 36, 87],0.01127019145655074
[75, 87],0.012058422950606705
[4, 75, 87],0.011664686094250126
[62, 87],0.013373851881587049
[4, 62, 87],0.013057651845378807
[4, 87],0.04403767462551778
[2, 87],0.03602272942663799
[2, 4, 87],0.03465804549658914
[2, 10, 87],0.01796418493756443
[2, 4, 10, 87],0.01744915782938089
[2, 9, 10, 87],0.014422787741861818
[2, 4, 9, 10, 87],0.014110336097288581
[2, 10, 36, 87],0.01185795380058372
[2, 4, 10, 36, 87],0.011654653366798369
[2, 9, 87],0.028114690991928877
[2, 4, 9, 87],0.02726332968089465
[2, 36, 87],0.022615830698660605
[2, 4, 36, 87],0.0220268845792014
[2, 9, 36, 87],0.0184553493095013
[2, 4, 9, 36, 87],0.01810649208240981
[31, 87],0.02202177805456075
[4, 31, 87],0.021174627103679337
[10, 31, 87],0.011635273873504407
[4, 10, 31, 87],0.011362758201025674
[2, 31, 87],0.014349267596854136
[2, 4, 31, 87],0.014019138111291138
[2, 9, 31, 87],0.011112864201838577
[9, 31, 87],0.016570384485018085
[4, 9, 31, 87],0.016148993307904518
[31, 36, 87],0.013781366795254407
[4, 31, 36, 87],0.013416667510319115
[43, 87],0.02151884749337063
[4, 43, 87],0.020896347610850925
[10, 43, 87],0.013723862613018343
[4, 10, 43, 87],0.013427574020660915
[2, 43, 87],0.014445845273878677
[2, 4, 43, 87],0.014076862910939408
[2, 9, 43, 87],0.011459180577370658
[2, 4, 9, 43, 87],0.011240834419037983
[9, 43, 87],0.01669193059796265
[4, 9, 43, 87],0.01638852789596295
[36, 43, 87],0.013392263927301485
[4, 36, 43, 87],0.013203173346236323
[9, 36, 43, 87],0.011062215483370597
[66, 87],0.014214505252780504
[4, 66, 87],0.013716966169145663
[9, 66, 87],0.011220864913781877
[87, 93],0.012911596847243188
[4, 87, 93],0.012582468001254996
[82, 87],0.012456423356070714
[4, 82, 87],0.012031144972469224
[11, 87],0.018471306249117678
[4, 11, 87],0.017930385070769193
[9, 11, 87],0.014224719524583953
[4, 9, 11, 87],0.013949596969154153
[11, 36, 87],0.012291627409068553
[4, 11, 36, 87],0.01206907577858732
[10, 11, 87],0.011569665655255803
[4, 10, 11, 87],0.011352233985868718
[2, 11, 87],0.012079610871418582
[2, 4, 11, 87],0.011861986462583608
[64, 87],0.012376998619705983
[4, 64, 87],0.01186070863284143
[63, 87],0.013366376862770516
[4, 63, 87],0.013022757478372456
[71, 87],0.012286337952390458
[4, 71, 87],0.012021055719658504
[54, 87],0.012743322966678324
[4, 54, 87],0.012412744527663472
[35, 87],0.01754690145842407
[4, 35, 87],0.017106813337947918
[9, 35, 87],0.013433215892029692
[4, 9, 35, 87],0.013175336653023301
[35, 36, 87],0.011657392030330052
[4, 35, 36, 87],0.01149316192949801
[2, 35, 87],0.011102527182847226
[24, 87],0.015287367699430298
[4, 24, 87],0.014883728937589706
[9, 24, 87],0.011737067971564005
[4, 9, 24, 87],0.011508234651279588
[86],0.01597851843470417
[9, 86],0.014212247691006133
[4, 9, 86],0.013650052888247102
[36, 86],0.01597851843470417
[9, 36, 86],0.012366834091730743
[4, 9, 36, 86],0.011978787274834595
[4, 36, 86],0.01597851843470417
[4, 86],0.01597851843470417
[2, 86],0.012030398134768057
[2, 4, 86],0.01149252908431529
[2, 36, 86],0.01054831881558075
[2, 4, 36, 86],0.010112804877689428
[90],0.025834676729839245
[4, 90],0.025834676729839245
[36, 90],0.025834676729839245
[4, 36, 90],0.025745162217563095
[9, 36, 90],0.013343439366569777
[4, 9, 36, 90],0.012704956158440866
[64, 90],0.011357396445860776
[4, 64, 90],0.010200573305268794
[9, 90],0.01594552539233168
[4, 9, 90],0.014935748562612589
[10, 90],0.010984910467730228
[4, 10, 90],0.010117256283875678
[93],0.05165244646954365
[4, 93],0.05165244646954365
[10, 93],0.043452911321828915
[4, 10, 93],0.04059615202406306
[10, 36, 93],0.02222223003318448
[4, 10, 36, 93],0.021570389296007235
[9, 10, 36, 93],0.015120847256725217
[4, 9, 10, 36, 93],0.014892720146028535
[9, 10, 93],0.02457000247851738
[4, 9, 10, 93],0.02401301883677504
[2, 93],0.04511675882699618
[2, 4, 93],0.04234698105016361
[2, 10, 93],0.026774051341531054
[2, 4, 10, 93],0.025862403935345835
[2, 9, 10, 93],0.01714532947460277
[2, 4, 9, 10, 93],0.016886990187782162
[2, 10, 36, 93],0.015555326278198198
[2, 4, 10, 36, 93],0.015291988531895413
[2, 9, 93],0.02627747111579495
[2, 4, 9, 93],0.02569493936872167
[2, 36, 93],0.024540319210403918
[2, 4, 36, 93],0.023803451985863658
[2, 9, 36, 93],0.01648505681577616
[2, 4, 9, 36, 93],0.016270938469634268
[34, 93],0.020372451281853308
[4, 34, 93],0.01904187725660711
[43, 93],0.0314087735673508
[4, 43, 93],0.02992159987044504
[10, 43, 93],0.021866283299145816
[4, 10, 43, 93],0.021191448166918564
[9, 10, 43, 93],0.01358068517832753
[4, 9, 10, 43, 93],0.013461225027274775
[2, 43, 93],0.020862165343221824
[2, 4, 43, 93],0.020223722623238575
[2, 10, 43, 93],0.015518009303294226
[2, 4, 10, 43, 93],0.015222311138885775
[2, 9, 43, 93],0.013563016868701492
[2, 4, 9, 43, 93],0.013431750462858508
[9, 43, 93],0.01847556011491797
[4, 9, 43, 93],0.018219252372251128
[31, 43, 93],0.016377995877862834
[4, 31, 43, 93],0.01595980531716237
[36, 43, 93],0.016858316008879798
[4, 36, 43, 93],0.016514807716878733
[11, 93],0.028996992439521203
[4, 11, 93],0.027505371272544835
[10, 11, 93],0.019745585061748772
[4, 10, 11, 93],0.019152532228777726
[2, 11, 93],0.01915211634565725
[2, 4, 11, 93],0.018676952449263734
[2, 10, 11, 93],0.01418595855886737
[2, 4, 10, 11, 93],0.013980470033539118
[11, 43, 93],0.014708887712588041
[4, 11, 43, 93],0.014325887471083947
[9, 11, 93],0.016842616193910597
[4, 9, 11, 93],0.01655791539852733
[11, 31, 93],0.014435679142757521
[4, 11, 31, 93],0.014065770812901912
[11, 36, 93],0.01616070589739559
[4, 11, 36, 93],0.015754249695373868
[82, 93],0.020578259742708875
[4, 82, 93],0.01969493611330284
[10, 82, 93],0.013567282336315167
[4, 10, 82, 93],0.013207478878257505
[2, 82, 93],0.013315732309033464
[2, 4, 82, 93],0.013053035968534903
[63, 93],0.018912488580818735
[4, 63, 93],0.018074307370144288
[54, 93],0.018237911960819846
[4, 54, 93],0.01739478517126825
[31, 93],0.03802761691649315
[4, 31, 93],0.03563560573939509
[9, 31, 93],0.020838680330728113
[4, 9, 31, 93],0.020418526920110924
[10, 31, 93],0.02134446416837152
[4, 10, 31, 93],0.02070828334481131
[9, 10, 31, 93],0.013539788269392382
[4, 9, 10, 31, 93],0.013411007540835396
[2, 31, 93],0.023019844950421916
[2, 4, 31, 93],0.02224271822170194
[2, 9, 31, 93],0.01448440022311639
[2, 4, 9, 31, 93],0.014345459184574649
[2, 10, 31, 93],0.014962068188862204
[2, 4, 10, 31, 93],0.014713297626496107
[2, 31, 36, 93],0.013347284562674826
[2, 4, 31, 36, 93],0.013115330156326458
[31, 36, 93],0.01921894470260529
[4, 31, 36, 93],0.018661018854970193
[38, 93],0.015578857548545152
[4, 38, 93],0.014349228608598247
[24, 93],0.020356309599382515
[4, 24, 93],0.019521079252604528
[24, 35, 93],0.014335244120577862
[4, 24, 35, 93],0.01390616944814571
[2, 24, 93],0.012982509992946456
[66, 93],0.020467165695361108
[4, 66, 93],0.019468110678015394
[10, 66, 93],0.013187419144253911
[2, 66, 93],0.01367273695904985
[2, 4, 66, 93],0.013256517023735839
[9, 93],0.04312555657070903
[4, 9, 93],0.041380631018844025
[36, 93],0.03990661854706312
[4, 36, 93],0.03787250404640419
[9, 36, 93],0.024575642225976822
[4, 9, 36, 93],0.02401364099076267
[35, 93],0.024824668125911924
[4, 35, 93],0.023612776497106903
[35, 36, 93],0.01404897206325774
[4, 35, 36, 93],0.013765445354404809
[10, 35, 93],0.01522471284328566
[4, 10, 35, 93],0.014676906072088554
[2, 35, 93],0.015779503329943198
[2, 4, 35, 93],0.015340322401866025
[9, 35, 93],0.014058181601303515
[4, 9, 35, 93],0.01378267492934366
[64, 93],0.020161143863108015
[4, 64, 93],0.019032573299498676
[9, 64, 93],0.01305034893080226
[71, 93],0.020844501177538468
[4, 71, 93],0.019825668315923736
[2, 71, 93],0.013934129891473303
[2, 4, 71, 93],0.013493136433191973
[37, 93],0.02180658390405687
[4, 37, 93],0.020808079194477323
[2, 37, 93],0.01431141889567325
[2, 4, 37, 93],0.01395070129544332
[10, 37, 93],0.014540320117623046
[4, 10, 37, 93],0.014123468274017613
[12, 93],0.01757196145219437
[4, 12, 93],0.016898748359896656
[95],0.013785556167463483
[4, 95],0.017763430338360704
[96],0.014286741680624385
[4, 96],0.014286741680624385
[9, 96],0.01228283708995749
[4, 9, 96],0.011747857983404266
[10, 96],0.012289135567054112
[4, 10, 96],0.011753817188412353
[43, 96],0.010989318062204743
[4, 43, 96],0.01046261689152732
[48, 96],0.010946439123295166
[4, 48, 96],0.010128490102287611
[36, 96],0.010167566820449728
[2, 96],0.012162753685758415
[2, 4, 96],0.011723964818614823
[97],0.03563252387307993
[4, 97],0.03563252387307993
[9, 97],0.02715084079430226
[4, 9, 97],0.025985286915159698
[10, 97],0.027462325799918256
[4, 10, 97],0.02561809834277018
[9, 10, 97],0.014100790777664027
[4, 9, 10, 97],0.013769500300557739
[10, 36, 97],0.013280842189696164
[4, 10, 36, 97],0.012843358577423228
[31, 97],0.020254465509188267
[4, 31, 97],0.01901821499553417
[9, 31, 97],0.01105161674116798
[4, 9, 31, 97],0.010867736653370933
[10, 31, 97],0.011436995960031771
[4, 10, 31, 97],0.011068048746278666
[2, 31, 97],0.012093546991462523
[2, 4, 31, 97],0.01174623571417456
[31, 36, 97],0.010086129297389597
[43, 97],0.022671643081372077
[4, 43, 97],0.021448113392587856
[9, 43, 97],0.01217216760014764
[4, 9, 43, 97],0.011958018545603149
[10, 43, 97],0.014618543865430841
[4, 10, 43, 97],0.014103833177836153
[2, 43, 97],0.01322020184500839
[2, 4, 43, 97],0.012764660810392375
[36, 43, 97],0.010927009327362059
[4, 36, 43, 97],0.010524855961486067
[38, 97],0.011229090183778346
[4, 38, 97],0.010188956668031629
[82, 97],0.012854427996392413
[4, 82, 97],0.012318069024160242
[48, 97],0.021458057862738265
[4, 48, 97],0.0193662000490285
[96, 97],0.01505592974834572
[4, 96, 97],0.0138379388978108
[2, 97],0.026739755384247114
[2, 4, 97],0.0252076180160683
[2, 10, 97],0.01520056633508289
[2, 4, 10, 97],0.01468864699570974
[2, 9, 97],0.015102990131754486
[2, 4, 9, 97],0.01481571066962805
[2, 36, 97],0.014281578831974551
[2, 4, 36, 97],0.013777697905758548
[66, 97],0.01440371569901136
[4, 66, 97],0.013593122028954423
[12, 97],0.010119316442998856
[34, 97],0.013293858135227358
[4, 34, 97],0.012162610496123015
[36, 97],0.0255991554228739
[4, 36, 97],0.02395481139927593
[9, 36, 97],0.01445557787269366
[4, 9, 36, 97],0.014138911707030298
[63, 97],0.013187181326640702
[4, 63, 97],0.01229431284267314
[35, 97],0.017517821253886713
[4, 35, 97],0.016331959813667703
[37, 97],0.01484738444455819
[4, 37, 97],0.014078701943894689
[71, 97],0.010979155399213536
[4, 71, 97],0.010461539461472876
[93, 97],0.011924396357018714
[4, 93, 97],0.011310931723399914
[11, 97],0.017446797610341052
[4, 11, 97],0.01635569576775546
[10, 11, 97],0.011728238722355473
[4, 10, 11, 97],0.011253411252954015
[2, 11, 97],0.010564669032571618
[2, 4, 11, 97],0.0102338710167683
[64, 97],0.011191537027206315
[4, 64, 97],0.01061645830330883
[54, 97],0.012068460036962764
[4, 54, 97],0.011421112425520071
[33, 97],0.012081751409698811
[4, 33, 97],0.010657001060065627
[24, 97],0.01519098369397222
[4, 24, 97],0.014244423070625054
[24, 35, 97],0.010060490387061272
[99],0.042892415746116866
[4, 99],0.042892415746116866
[10, 99],0.029539577516671526
[4, 10, 99],0.02737431165145146
[10, 36, 99],0.016279968293528867
[4, 10, 36, 99],0.015766149760028162
[9, 10, 99],0.01629291755586566
[4, 9, 10, 99],0.015812840235027905
[2, 99],0.029506242044635908
[2, 4, 99],0.02784645449169489
[2, 10, 99],0.015605714552973382
[2, 4, 10, 99],0.015114605582807814
[2, 9, 99],0.017450928597307562
[2, 4, 9, 99],0.01707026476014778
[2, 36, 99],0.017946266435074264
[2, 4, 36, 99],0.01742533547034089
[2, 9, 36, 99],0.012070142997068921
[2, 4, 9, 36, 99],0.01189712831328445
[31, 99],0.021051046157476168
[4, 31, 99],0.019737642376904205
[10, 31, 99],0.01164169399391932
[4, 10, 31, 99],0.011172128082970453
[2, 31, 99],0.012295765839923457
[2, 4, 31, 99],0.01186402643873008
[9, 31, 99],0.01239968090486647
[4, 9, 31, 99],0.012121537148993911
[31, 36, 99],0.012179781776275753
[4, 31, 36, 99],0.01186201229814345
[43, 99],0.019505666009140766
[4, 43, 99],0.01857033506255437
[10, 43, 99],0.012546299887440313
[4, 10, 43, 99],0.012077485503704844
[2, 43, 99],0.011649868908916687
[2, 4, 43, 99],0.01129415182695116
[9, 43, 99],0.011695210469164241
[4, 9, 43, 99],0.01145158007799298
[36, 43, 99],0.011288082106160814
[4, 36, 43, 99],0.010993173233168074
[66, 99],0.014598986154712478
[4, 66, 99],0.013788677763491686
[36, 99],0.03591621567616437
[4, 36, 99],0.033346777533216826
[9, 36, 99],0.02045885968029952
[4, 9, 36, 99],0.019883438058518017
[35, 99],0.019432014389770713
[4, 35, 99],0.01819044048376942
[35, 36, 99],0.011302057100126583
[4, 35, 36, 99],0.010955447105618101
[10, 35, 99],0.010802160325178802
[24, 99],0.017232960234224912
[4, 24, 99],0.016209264768950935
[24, 35, 99],0.011557943191629989
[4, 24, 35, 99],0.010964330349930435
[93, 99],0.01408157152258109
[4, 93, 99],0.013218906569817347
[99, 140],0.013575553453950848
[4, 99, 140],0.012493271330857708
[82, 99],0.012783104968012488
[4, 82, 99],0.012111500467474608
[64, 99],0.02889662542672352
[4, 64, 99],0.026344217234335027
[36, 64, 99],0.016706795965224914
[4, 36, 64, 99],0.015931437362472586
[9, 36, 64, 99],0.011088993272790107
[4, 9, 36, 64, 99],0.010773532702853996
[9, 64, 99],0.01703437996318546
[4, 9, 64, 99],0.01616625849241678
[10, 64, 99],0.013475669641582165
[4, 10, 64, 99],0.012883524864377912
[2, 64, 99],0.013696149326059245
[2, 4, 64, 99],0.013172172444994662
[9, 99],0.03361280826153134
[4, 9, 99],0.03179785369896073
[11, 99],0.020629883651472926
[4, 11, 99],0.019468069153403062
[9, 11, 99],0.012020178939568962
[4, 9, 11, 99],0.011792468758661275
[11, 36, 99],0.012383861058663303
[4, 11, 36, 99],0.012045711208957059
[10, 11, 99],0.01305119591884134
[4, 10, 11, 99],0.012631729939910453
[2, 11, 99],0.01200055555365329
[2, 4, 11, 99],0.011707339166042713
[37, 99],0.013678381062536766
[4, 37, 99],0.01285431138548948
[63, 99],0.014501941744140372
[4, 63, 99],0.013705703777031637
[71, 99],0.011176742857262665
[62, 99],0.011340871729444908
[4, 62, 99],0.010865358400541304
[34, 99],0.016410427117087296
[4, 34, 99],0.01486374984157066
[54, 99],0.01151652737477179
[4, 54, 99],0.01106391663221149
[100],0.024751860120397668
[4, 100],0.024751860120397668
[10, 100],0.019174255356415072
[4, 10, 100],0.017970184568294224
[9, 10, 100],0.010374928722354711
[4, 9, 10, 100],0.010167263178053249
[2, 100],0.02028209359186845
[2, 4, 100],0.01916687126391556
[2, 10, 100],0.011274803499678788
[2, 4, 10, 100],0.010930617647344078
[2, 9, 100],0.011324978841957057
[2, 4, 9, 100],0.011069586684504022
[31, 100],0.016630517839823247
[4, 31, 100],0.015649650384339117
[43, 100],0.015622589643520394
[4, 43, 100],0.01488786879977829
[10, 43, 100],0.01030749506945658
[9, 100],0.019772665003964587
[4, 9, 100],0.018876219908517705
[36, 100],0.015456407981887089
[4, 36, 100],0.01467244977083177
[37, 100],0.010299308008564703
[82, 100],0.010012303673728858
[11, 100],0.011620180798094746
[4, 11, 100],0.011075170153082282
[103],0.010346180569141475
[4, 103],0.016449106745573466
[105],0.019473921173577335
[4, 105],0.019473921173577335
[10, 105],0.011305614178055218
[4, 10, 105],0.010642368714920743
[2, 105],0.013555382199687157
[2, 4, 105],0.012648137557224963
[36, 105],0.013878810747105856
[4, 36, 105],0.012944450194377649
[9, 105],0.013862517988444666
[4, 9, 105],0.013177569293426988
[106],0.018883404870519958
[4, 106],0.018883404870519958
[9, 106],0.011618205626758672
[4, 9, 106],0.01080405850821049
[107],0.010114479285935835
[4, 107],0.011917555350287533
[110],0.051213149533385925
[9, 110],0.051213149533385925
[4, 9, 110],0.06144228766967459
[11, 110],0.021328711881841107
[9, 11, 110],0.018433553177963722
[4, 9, 11, 110],0.017981415649296742
[4, 11, 110],0.020644119278312688
[10, 11, 110],0.01369629718634482
[4, 10, 11, 110],0.01340816447264714
[11, 36, 110],0.01366046478544965
[4, 11, 36, 110],0.013451747109451757
[12, 110],0.013257137052889579
[4, 12, 110],0.012864858910161996
[4, 110],0.051213149533385925
[10, 110],0.031155888448058364
[4, 10, 110],0.030107664243447848
[9, 10, 110],0.02681088316691693
[4, 9, 10, 110],0.026032682560216746
[10, 36, 110],0.01849026336368541
[4, 10, 36, 110],0.01817586529493039
[9, 10, 36, 110],0.01634453962364204
[4, 9, 10, 36, 110],0.01611662713637068
[110, 173],0.03736684384415323
[4, 110, 173],0.033922837944444936
[9, 110, 173],0.034682115361977704
[4, 9, 110, 173],0.031708290598688835
[10, 110, 173],0.013865850736024121
[4, 10, 110, 173],0.013528735609690154
[9, 10, 110, 173],0.013209880360968238
[4, 9, 10, 110, 173],0.012893308071018742
[36, 110, 173],0.01903177509176117
[4, 36, 110, 173],0.018485985444568025
[9, 36, 110, 173],0.01770499457342325
[4, 9, 36, 110, 173],0.017244571803355854
[2, 110, 173],0.01416482947529305
[2, 4, 110, 173],0.01386565121707058
[2, 9, 110, 173],0.01344119487181533
[2, 4, 9, 110, 173],0.013180664312074908
[54, 110],0.01808645315868012
[4, 54, 110],0.017604952794377363
[9, 54, 110],0.015717323539906153
[4, 9, 54, 110],0.01535357157702607
[35, 110],0.01686560483139132
[4, 35, 110],0.01645525545003754
[9, 35, 110],0.014297278245227491
[4, 9, 35, 110],0.01401271431458592
[71, 110],0.013602307473581966
[4, 71, 110],0.013187901163150427
[36, 110],0.03977768618667235
[4, 36, 110],0.038120544641947814
[9, 36, 110],0.033291611433785714
[4, 9, 36, 110],0.03225751089433721
[34, 110],0.01530130315979883
[4, 34, 110],0.014664283817591706
[66, 110],0.015374398743784682
[4, 66, 110],0.014920885497851867
[9, 66, 110],0.013207057627379948
[4, 9, 66, 110],0.01286965647792946
[63, 110],0.015199150011919167
[4, 63, 110],0.014747011522647709
[9, 63, 110],0.013000275792899413
[2, 110],0.03155476722730206
[2, 4, 110],0.030573313465926996
[2, 9, 110],0.027420455598486132
[2, 4, 9, 110],0.026713346103949515
[2, 36, 110],0.020189777607676915
[2, 4, 36, 110],0.01981481540437838
[2, 9, 36, 110],0.017973121406333843
[2, 4, 9, 36, 110],0.017693912069657564
[2, 10, 110],0.017200806308848758
[2, 4, 10, 110],0.016864950974168604
[2, 9, 10, 110],0.015372650672192206
[2, 4, 9, 10, 110],0.015112793157292711
[64, 110],0.013013439392679314
[93, 110],0.01417229948394251
[4, 93, 110],0.013890352322534546
[31, 110],0.022869202411798403
[4, 31, 110],0.022285700372070668
[9, 31, 110],0.019569206735310235
[4, 9, 31, 110],0.01919795076421316
[31, 36, 110],0.01386825061649043
[4, 31, 36, 110],0.013686209101742734
[2, 31, 110],0.013770683285258845
[2, 4, 31, 110],0.013598341611679653
[10, 31, 110],0.01323482631152768
[4, 10, 31, 110],0.013070879579466215
[43, 110],0.023929008477980487
[9, 43, 110],0.020592585783632038
[4, 9, 43, 110],0.020170423549760796
[4, 43, 110],0.023301640488911073
[36, 43, 110],0.014285258543565896
[4, 36, 43, 110],0.014065614404370957
[10, 43, 110],0.015038591676032508
[4, 10, 43, 110],0.014789398227991133
[9, 10, 43, 110],0.013199420160609222
[4, 9, 10, 43, 110],0.013042503489568334
[2, 43, 110],0.014294792771431376
[2, 4, 43, 110],0.014079320978414755
[82, 110],0.015017708144718186
[9, 82, 110],0.012985874335425716
[4, 82, 110],0.014603779668133634
[24, 110],0.013489418058706374
[4, 24, 110],0.013216471527012408
[37, 110],0.016255921984255756
[4, 37, 110],0.01589448387131249
[9, 37, 110],0.013998543336794915
[4, 9, 37, 110],0.013735568319741574
[113],0.014520653758495854
[4, 113],0.014520653758495854
[9, 113],0.011249338576455478
[4, 9, 113],0.010941995631958436
[10, 113],0.011063267023424696
[4, 10, 113],0.010703888719496074
[2, 113],0.010286157924763032
[2, 4, 113],0.010030631248951859
[117],0.011800992809341927
[4, 117],0.011800992809341927
[24, 117],0.011800992809341927
[4, 24, 117],0.011582529677969012
[35, 117],0.011399237943988935
[4, 35, 117],0.010846481673174032
[9, 117],0.011346400233335515
[4, 9, 117],0.010990620294531975
[2, 117],0.01155629636037688
[2, 4, 117],0.011065524065048718
[119],0.014837456372785152
[4, 119],0.021431279089435273
[123],0.01732877942315553
[4, 123],0.02323173230888631
[126],0.012721301295822515
[4, 126],0.012721301295822515
[36, 126],0.012721301295822515
[4, 36, 126],0.011344466399106003
[128],0.03484922677281268
[4, 128],0.03484922677281268
[36, 128],0.024345896608462193
[4, 36, 128],0.022913553258545636
[9, 36, 128],0.01961703684669767
[4, 9, 36, 128],0.018802470256708507
[10, 128],0.019271455674812178
[4, 10, 128],0.018246642727453983
[10, 36, 128],0.010143290879743694
[9, 10, 128],0.015732050263442023
[4, 9, 10, 128],0.015062107997172496
[43, 128],0.014143326999260743
[4, 43, 128],0.013595419918881474
[9, 43, 128],0.011562241390219939
[4, 9, 43, 128],0.011220631132448845
[9, 128],0.03484922677281268
[4, 9, 128],0.039280497094724164
[2, 128],0.01964055252978196
[2, 4, 128],0.01886808710710733
[2, 9, 128],0.01622621708482722
[2, 4, 9, 128],0.01569559737137013
[2, 36, 128],0.011049538065837701
[2, 4, 36, 128],0.010805115479571054
[11, 128],0.013063924079872953
[4, 11, 128],0.012456780123363221
[9, 11, 128],0.010546271217261156
[4, 9, 11, 128],0.01016590575897019
[54, 128],0.010560810926325137
[4, 54, 128],0.01016990535214444
[110, 128],0.011687705259580643
[4, 110, 128],0.011276566521550764
[9, 110, 128],0.010195159016664358
[128, 173],0.023029792500781847
[4, 128, 173],0.020282804613320295
[9, 128, 173],0.020915237080442208
[4, 9, 128, 173],0.018600722228830423
[36, 128, 173],0.010300404722948936
[31, 128],0.013246156758394639
[4, 31, 128],0.012763629097872004
[9, 31, 128],0.010755562121755095
[4, 9, 31, 128],0.010444634507006379
[128, 230],0.012850770628893593
[4, 128, 230],0.012303995649495941
[9, 128, 230],0.010670067337988719
[4, 9, 128, 230],0.010292420262619797
[35, 128],0.010017529846873383
[130],0.019207915269051693
[4, 130],0.019207915269051693
[9, 130],0.011587635288195886
[4, 9, 130],0.01091074915353315
[36, 130],0.012141900910134663
[4, 36, 130],0.01133099494067931
[10, 130],0.011036615482308323
[4, 10, 130],0.01007099194345564
[2, 130],0.010401369918434579
[131],0.010124833779785637
[4, 131],0.011818393686937087
[133],0.013066893728686397
[4, 133],0.014583848487822992
[140],0.04977594600482207
[4, 140],0.04977594600482207
[10, 140],0.031191662330975502
[4, 10, 140],0.029242316913402074
[10, 36, 140],0.018074570904187886
[4, 10, 36, 140],0.017354088892642734
[9, 10, 140],0.017261228026843163
[4, 9, 10, 140],0.016812424700548893
[2, 140],0.03126033125649208
[2, 4, 140],0.029466027428173714
[2, 10, 140],0.0173626600169473
[2, 4, 10, 140],0.016761092187499965
[2, 9, 140],0.017968189736232775
[2, 4, 9, 140],0.017457743432156475
[2, 36, 140],0.019429008865975223
[2, 4, 36, 140],0.018623753433501207
[2, 9, 36, 140],0.0126920921481854
[2, 4, 9, 36, 140],0.012458378983017084
[43, 140],0.02077387236018324
[4, 43, 140],0.01980540412661556
[10, 43, 140],0.013783590275454661
[4, 10, 43, 140],0.013359712276072086
[2, 43, 140],0.012534214778601265
[64, 140],0.01722945292127097
[4, 64, 140],0.016041281581763482
[54, 140],0.013800253155362244
[4, 54, 140],0.01316906112912038
[36, 140],0.0424782528614356
[4, 36, 140],0.038954993065406535
[9, 36, 140],0.022423016913247263
[4, 9, 36, 140],0.02168327923549824
[35, 140],0.018771670351509086
[4, 35, 140],0.017835651826407804
[24, 140],0.01547285721769345
[4, 24, 140],0.014762729493145896
[93, 140],0.012716774219200942
[82, 140],0.013586583365096343
[4, 82, 140],0.012927016968517622
[9, 140],0.03514951182750794
[4, 9, 140],0.03330900751877157
[11, 140],0.022748293704225125
[4, 11, 140],0.02123617358763149
[10, 11, 140],0.01401237581556116
[4, 10, 11, 140],0.01346234964948484
[2, 11, 140],0.012762568208227342
[11, 36, 140],0.014140458772379775
[4, 11, 36, 140],0.01351341851973431
[66, 140],0.01584885035455163
[4, 66, 140],0.014901887924307345
[63, 140],0.015426658734950768
[4, 63, 140],0.014586454459254676
[37, 140],0.015511800302743671
[4, 37, 140],0.014739225791821462
[34, 140],0.016735571850897437
[4, 34, 140],0.015221179170629753
[31, 140],0.020120991122029933
[4, 31, 140],0.019045604624496785
[135],0.014738652613930986
[4, 135],0.01951698132879607
[137],0.025304509271403666
[4, 137],0.025304509271403666
[10, 137],0.014708593484388514
[4, 10, 137],0.013154975680042126
[2, 137],0.012495553009904568
[2, 4, 137],0.011532974983725484
[43, 137],0.011243877203865934
[4, 43, 137],0.010250437336973417
[36, 137],0.012187054247991295
[4, 36, 137],0.011213707431229531
[9, 137],0.013043420585612508
[4, 9, 137],0.012180471000302602
[138],0.016585925532709947
[4, 138],0.016585925532709947
[10, 138],0.01235502715737109
[4, 10, 138],0.011775482094799405
[2, 138],0.015511132846642283
[2, 4, 138],0.014649674922641534
[43, 138],0.01090127175547642
[4, 43, 138],0.010415050250413574
[9, 138],0.014702893876847483
[4, 9, 138],0.014153018349720974
[36, 138],0.01363276724880892
[4, 36, 138],0.013000933375540105
[144],0.012389697162413185
[4, 144],0.018173681781670465
[146],0.03559323540641052
[4, 146],0.03559323540641052
[9, 146],0.016734672366613287
[4, 9, 146],0.015441820369211325
[2, 146],0.01410359821306454
[2, 4, 146],0.012885589243209504
[43, 146],0.010542556091032464
[35, 146],0.014341631954019279
[4, 35, 146],0.012217904382316201
[10, 146],0.013686807507923908
[4, 10, 146],0.01242044247501757
[36, 146],0.015421324354741158
[4, 36, 146],0.013909381860874958
[147],0.020212008749632165
[4, 147],0.020212008749632165
[10, 147],0.012476240918318568
[4, 10, 147],0.011743857146335218
[9, 147],0.01296721092329455
[4, 9, 147],0.012437433942210595
[2, 147],0.011558052430011005
[2, 4, 147],0.01103216084787745
[43, 147],0.010585201118030992
[36, 147],0.011584418585874222
[4, 36, 147],0.01094184702132496
[149],0.011597539127122587
[4, 149],0.0113966344404253
[153],0.01120062232924747
[4, 153],0.014038195261727648
[156],0.0100211430626034
[4, 156],0.012297897106691495
[157],0.024922105469333045
[4, 157],0.024922105469333045
[24, 157],0.017190033154551396
[4, 24, 157],0.014456089758548816
[24, 35, 157],0.012173554398675178
[4, 24, 35, 157],0.010546814451336813
[35, 157],0.018235937951758274
[4, 35, 157],0.015491708915339197
[36, 157],0.0110640993647191
[4, 36, 157],0.010267311358505912
[158],0.035521878543483064
[4, 158],0.035521878543483064
[9, 158],0.02234953067940339
[4, 9, 158],0.021459892952002388
[48, 158],0.01638746636983133
[4, 48, 158],0.01458965142934927
[2, 158],0.02179586655092663
[2, 4, 158],0.020594289790378854
[2, 9, 158],0.012146090603270633
[2, 4, 9, 158],0.011913366710052888
[2, 36, 158],0.011659354435116478
[2, 4, 36, 158],0.011356927488058985
[2, 10, 158],0.012094815302480333
[2, 4, 10, 158],0.011778866786885075
[37, 158],0.011542467859408325
[4, 37, 158],0.010971535127719279
[147, 158],0.010693546387131499
[24, 158],0.012212059713505382
[4, 24, 158],0.01158595391715641
[31, 158],0.016277273029459034
[4, 31, 158],0.015332662967648219
[43, 158],0.020810510530452683
[4, 43, 158],0.019420393727954042
[2, 43, 158],0.011419803939048357
[2, 4, 43, 158],0.011030788744695527
[9, 43, 158],0.010691072601991255
[4, 9, 43, 158],0.010502167429062148
[10, 43, 158],0.012530770050491084
[4, 10, 43, 158],0.012006838599644985
[82, 158],0.010199082094915825
[97, 158],0.02178501380938018
[4, 97, 158],0.01914797697146364
[63, 158],0.011948749594727106
[4, 63, 158],0.011109128599991172
[66, 158],0.012987307226365158
[4, 66, 158],0.012198423416326312
[35, 158],0.015496259640831874
[4, 35, 158],0.014371043792761362
[34, 158],0.011826725041505882
[4, 34, 158],0.01086510822821933
[38, 158],0.011044054281807226
[36, 158],0.02175110877209861
[4, 36, 158],0.020601114570567323
[9, 36, 158],0.012399216676039925
[4, 9, 36, 158],0.012152605043847462
[10, 158],0.02219953990851776
[4, 10, 158],0.020812675705332385
[9, 10, 158],0.011678789457130542
[4, 9, 10, 158],0.011437595019059032
[10, 36, 158],0.010914651105516333
[4, 10, 36, 158],0.010677537260256364
[11, 158],0.014569598134613303
[4, 11, 158],0.01381482108198423
[162],0.01922234409308257
[4, 162],0.01922234409308257
[9, 162],0.01922234409308257
[4, 9, 162],0.021560412237178587
[2, 162],0.010687417470209244
[2, 4, 162],0.01026867659261782
[36, 162],0.013869243369945102
[4, 36, 162],0.013254364144658626
[9, 36, 162],0.011306759437073438
[4, 9, 36, 162],0.01091277591595612
[162, 173],0.0139455332434081
[4, 162, 173],0.01287417822470456
[9, 162, 173],0.012752337882674753
[4, 9, 162, 173],0.011811247581340735
[165],0.011463056311007082
[4, 165],0.018089676387427304
[169],0.011585932228056279
[4, 169],0.015761624112711148
[173],0.07039846244549408
[4, 173],0.07039846244549408
[9, 173],0.07039846244549408
[4, 9, 173],0.06387355392374094
[10, 173],0.025066234577093276
[4, 10, 173],0.02360051915411538
[9, 10, 173],0.022596994402095377
[4, 9, 10, 173],0.02150500697689224
[11, 173],0.017944120418768493
[43, 173],0.019013513777325908
[4, 43, 173],0.01819152749105305
[36, 173],0.03444113369978171
[4, 36, 173],0.032070777944969917
[9, 36, 173],0.0304607016006701
[4, 9, 36, 173],0.02875097239989393
[2, 173],0.025421925831646187
[2, 4, 173],0.02397124164710554
[2, 9, 173],0.022766509660560683
[2, 4, 9, 173],0.02166824612125854
[174],0.028672467667023
[4, 174],0.028672467667023
[9, 174],0.028672467667023
[4, 9, 174],0.03166457144233576
[10, 174],0.013885882988650842
[4, 10, 174],0.013369326905287988
[9, 10, 174],0.0115258712593203
[4, 9, 10, 174],0.011248560222470371
[11, 174],0.010469690765625294
[4, 11, 174],0.01011044156621382
[173, 174],0.01905802122426968
[4, 173, 174],0.017919765270049286
[9, 173, 174],0.01745979787299455
[4, 9, 173, 174],0.01656545864458015
[36, 173, 174],0.012000578492369948
[4, 36, 173, 174],0.011669446642160974
[9, 36, 173, 174],0.011135206531988821
[4, 9, 36, 173, 174],0.010867129800446025
[110, 174],0.01724341439869067
[4, 110, 174],0.016487115250719928
[9, 110, 174],0.014988628770054925
[4, 9, 110, 174],0.014463451932707141
[36, 110, 174],0.011572955996058329
[4, 36, 110, 174],0.011302313451961563
[9, 36, 110, 174],0.0103202427841358
[4, 9, 36, 110, 174],0.010156826413494514
[2, 174],0.015196847878159607
[2, 4, 174],0.014695666524299716
[2, 9, 174],0.012768361009343077
[2, 4, 9, 174],0.01248585856657431
[2, 36, 174],0.010510261967467882
[2, 4, 36, 174],0.010280034203094816
[43, 174],0.010323164474226073
[4, 43, 174],0.010024613740939018
[36, 174],0.02569697203322873
[4, 36, 174],0.02447824092351849
[9, 36, 174],0.020683123024024048
[4, 9, 36, 174],0.020028471014448008
[174, 230],0.013303365517575754
[4, 174, 230],0.012625497060511354
[9, 174, 230],0.011004948361391384
[4, 9, 174, 230],0.01059757186538109
[181],0.01466112146925703
[4, 181],0.01466112146925703
[36, 181],0.01035044092200933
[2, 181],0.010329789808990566
[185],0.02361668548819389
[4, 185],0.02361668548819389
[36, 185],0.013801867130273123
[4, 36, 185],0.012859533513450629
[10, 185],0.010642714719423753
[4, 10, 185],0.010019405177501379
[35, 185],0.017352433512946523
[4, 35, 185],0.015353237499575218
[24, 185],0.016840716639525858
[4, 24, 185],0.014968348541232869
[24, 35, 185],0.011913031264269168
[4, 24, 35, 185],0.010842420719899154
[9, 185],0.012844530485576645
[4, 9, 185],0.012259308248270857
[66, 185],0.010931282366645418
[2, 185],0.012171136694785752
[2, 4, 185],0.011487495448799016
[187],0.023206725373562487
[4, 187],0.023206725373562487
[36, 187],0.012860358753064913
[4, 36, 187],0.012395477766766465
[2, 187],0.012668909343003739
[2, 4, 187],0.012309643871714545
[43, 187],0.01019671640754778
[10, 187],0.012590852591043844
[4, 10, 187],0.012119107703357421
[9, 187],0.015350775882068495
[4, 9, 187],0.014993509784043554
[192],0.010416842516033004
[4, 192],0.01553512845223077
[195],0.02226021821423254
[4, 195],0.02226021821423254
[36, 195],0.02226021821423254
[4, 36, 195],0.02226021821423254
[9, 36, 195],0.01420097636725798
[4, 9, 36, 195],0.013694126747947276
[2, 195],0.01576961918097951
[2, 4, 195],0.015010731248664477
[2, 36, 195],0.012763091489512489
[2, 4, 36, 195],0.012283409220385478
[10, 195],0.012566145131234161
[4, 10, 195],0.012033454329279266
[10, 36, 195],0.010107143606831428
[75, 195],0.011341790476350751
[4, 75, 195],0.010459187391455243
[62, 195],0.011233059879748587
[4, 62, 195],0.01057112792281261
[9, 195],0.01700753432932989
[4, 9, 195],0.01622997773195016
[207],0.01202533030273376
[4, 207],0.015290049571768351
[211],0.023028840279962923
[4, 211],0.023028840279962923
[9, 211],0.013206691266755242
[4, 9, 211],0.012598530586549776
[36, 211],0.011513599004703312
[4, 36, 211],0.01072252859184528
[10, 211],0.011596388739060208
[4, 10, 211],0.01070336080660833
[2, 211],0.012890288459119065
[2, 4, 211],0.011914855695694039
[31, 211],0.011479298283175093
[4, 31, 211],0.010576281012547772
[216],0.012645546503227356
[4, 216],0.01681999229386489
[218],0.028625946472542744
[4, 218],0.028625946472542744
[9, 218],0.016951614354468823
[4, 9, 218],0.014740052004514944
[36, 218],0.014222083769096023
[4, 36, 218],0.012649590764794365
[2, 218],0.010044578492241961
[10, 218],0.010095282554634603
[223],0.019269380019622504
[9, 223],0.018320666468226342
[4, 9, 223],0.017577071835749886
[4, 223],0.019269380019622504
[2, 223],0.015377149813793355
[2, 4, 223],0.014925949559415355
[36, 223],0.013407804624533164
[4, 36, 223],0.012897512628953008
[10, 223],0.014232109573787404
[4, 10, 223],0.013686416515637262
[43, 223],0.011018870136419508
[4, 43, 223],0.01065674049618423
[31, 223],0.010377520923147919
[4, 31, 223],0.010036759044607015
[230],0.04853079266718577
[4, 230],0.04853079266718577
[9, 230],0.04853079266718577
[4, 9, 230],0.051392572142917106
[10, 230],0.027026460714635967
[4, 10, 230],0.025951990214779033
[9, 10, 230],0.021604605283294456
[4, 9, 10, 230],0.020995745801924842
[10, 36, 230],0.015018561059512938
[4, 10, 36, 230],0.014763997984985448
[9, 10, 36, 230],0.012682824077465717
[4, 9, 10, 36, 230],0.012562226652032564
[2, 230],0.028351492998124284
[2, 4, 230],0.02728963484620093
[2, 9, 230],0.02301246384910938
[2, 4, 9, 230],0.022302164150556816
[2, 10, 230],0.01466356698599577
[2, 4, 10, 230],0.014384352963729453
[2, 9, 10, 230],0.012291414809931478
[2, 36, 230],0.017218962960126
[2, 4, 36, 230],0.016889809779346752
[2, 9, 36, 230],0.01454978709514926
[2, 4, 9, 36, 230],0.014351277410553013
[31, 230],0.019128409266745864
[4, 31, 230],0.018530701403995806
[9, 31, 230],0.015305041000882137
[4, 9, 31, 230],0.014970584512400038
[43, 230],0.0210231221747756
[4, 43, 230],0.02024672277334067
[9, 43, 230],0.017076737366607864
[4, 9, 43, 230],0.01660315608934724
[10, 43, 230],0.01330285964267272
[4, 10, 43, 230],0.012956506772556213
[2, 43, 230],0.012487497687800532
[2, 4, 43, 230],0.01222938781575644
[11, 230],0.018348983017440604
[4, 11, 230],0.017640009466150575
[9, 11, 230],0.014775944302040097
[4, 9, 11, 230],0.014423301472446267
[173, 230],0.029266762809320685
[4, 173, 230],0.026117812617563928
[9, 173, 230],0.02666257322594357
[4, 9, 173, 230],0.023951578955603247
[36, 173, 230],0.014675401913163152
[4, 36, 173, 230],0.014196927527702038
[9, 36, 173, 230],0.013682521018316166
[4, 9, 36, 173, 230],0.013268254407250645
[36, 230],0.03560967423228053
[4, 36, 230],0.03399771021778488
[9, 36, 230],0.028044868869727315
[4, 9, 36, 230],0.0271923818557369
[34, 230],0.013672522204613902
[4, 34, 230],0.013085911111827381
[37, 230],0.014255489657156905
[4, 37, 230],0.013864410358777895
[35, 230],0.014397775293303732
[4, 35, 230],0.013942196915127394
[66, 230],0.013530630740326541
[4, 66, 230],0.013067055362017178
[82, 230],0.013157046399863436
[4, 82, 230],0.012669097037058147
[63, 230],0.01235126013933874
[110, 230],0.01808151526058074
[4, 110, 230],0.017411420479635197
[9, 110, 230],0.015588660737298256
[4, 9, 110, 230],0.015104216464536569
[54, 230],0.014851135620353796
[4, 54, 230],0.014376734473233158
[9, 54, 230],0.012505536037810787
[4, 9, 54, 230],0.012185502912547056
[228],0.01992694310461966
[4, 228],0.01992694310461966
[9, 228],0.011296340063666884
[4, 9, 228],0.01082979853035264
[10, 228],0.012241317384968626
[4, 10, 228],0.011395994212945263
[2, 228],0.010838617297704157
[2, 4, 228],0.010322825510282747
[36, 228],0.010306668770335972
[234],0.025750989197985266
[4, 234],0.025750989197985266
[2, 234],0.015915915486984757
[2, 4, 234],0.014962803567794097
[2, 36, 234],0.012054963016461716
[2, 4, 36, 234],0.011513084115765543
[62, 234],0.010936330361379419
[4, 62, 234],0.01025274175812006
[36, 234],0.025750989197985266
[4, 36, 234],0.025615396385166307
[9, 36, 234],0.01392119777449387
[4, 9, 36, 234],0.013374935086426754
[9, 234],0.017727929846316097
[4, 9, 234],0.01675247803126287
[75, 234],0.01114461527970995
[4, 75, 234],0.010129429976522412
[10, 234],0.013412140474023091
[4, 10, 234],0.012511830189493187
[241],0.01687811396074043
[4, 241],0.01687811396074043
[9, 241],0.016613103453445435
[4, 9, 241],0.01581195913012878
[36, 241],0.01687811396074043
[4, 36, 241],0.016037986674496137
[9, 36, 241],0.012739529002725136
[4, 9, 36, 241],0.012274964267280546
[242],0.03506255087836982
[4, 242],0.03462650318628569
[9, 242],0.01583625670712703
[4, 9, 242],0.01425702292580245
[36, 242],0.01314307990111334
[4, 36, 242],0.011657326250325683
[2, 242],0.012875978474058157
[2, 4, 242],0.011634827676898109
[10, 242],0.011823894015837545
[4, 10, 242],0.010603385808917657
[243],0.02613922633316401
[9, 243],0.013847000992331568
[4, 9, 243],0.013072247158329522
[4, 243],0.02613922633316401
[10, 243],0.011823778195984016
[4, 10, 243],0.010841570244614511
[2, 243],0.01165369517073628
[2, 4, 243],0.010928983214220384
[36, 243],0.014307066772771508
[4, 36, 243],0.013232514620666283
[247],0.022541619782004935
[9, 247],0.022541619782004935
[4, 9, 247],0.020397848882699143
[4, 247],0.022541619782004935
[173, 247],0.01252841584302166
[4, 173, 247],0.010621174058202643
[9, 173, 247],0.01136254693018854
[36, 247],0.012213488131886064
[4, 36, 247],0.011487883318540646
[251],0.017275644615815534
[4, 251],0.01974747823208199
[252],0.020822713805554952
[4, 252],0.020822713805554952
[9, 252],0.019657142426918985
[4, 9, 252],0.0177382093317771
[36, 252],0.015974699208172304
[4, 36, 252],0.014825661508554216
[9, 36, 252],0.012250289193784073
[4, 9, 36, 252],0.011648134746136699
[173, 252],0.011704160520072672
[4, 173, 252],0.010694087133679076
[9, 173, 252],0.01045827857477151
[256],0.010462317962876088
[4, 256],0.01387073700297555
[258],0.01075541177070039
[4, 258],0.012226036576766774
[269],0.017767285500158714
[9, 269],0.012730152800853597
[4, 9, 269],0.01120659462934574
[4, 269],0.017767285500158714
[36, 269],0.010682885107168635
[271],0.028153903594610303
[4, 271],0.028153903594610303
[36, 271],0.012717305920057915
[4, 36, 271],0.011786810593812393
[2, 271],0.010275844223682712
[9, 271],0.012563107657185114
[4, 9, 271],0.011881298737198539
[10, 271],0.01104676323954722
[4, 10, 271],0.010264215398371376
[274],0.016685093248114978
[4, 274],0.016685093248114978
[9, 274],0.012392416784584548
[4, 9, 274],0.011818436623018567
[36, 274],0.010449352988550839
[10, 274],0.010171758604145667
[2, 274],0.011414300370324301
[2, 4, 274],0.010872863384700598
[282],0.011012430335980362
[4, 282],0.011631075596519285
[283],0.0115727703180437
[4, 283],0.011777044183350021
[289],0.015822573669352746
[4, 289],0.01742922564603083
[290],0.010629296670909543
[4, 290],0.012906521561164733
[307],0.016852759376950324
[4, 307],0.016852759376950324
[9, 307],0.016649285296957174
[4, 9, 307],0.01511341793558007
[36, 307],0.01172326574240261
[4, 36, 307],0.011003929854822653
[308],0.019694174955866187
[4, 308],0.019694174955866187
[9, 308],0.016826363095231556
[4, 9, 308],0.015101667114992858
[36, 308],0.010023938505871653
[318],0.014492432720454898
[4, 318],0.01507281006873832
[321],0.01148510379480267
[4, 321],0.01341468614205677
[327],0.01082792004367324
[4, 327],0.013128764910096711
[328],0.013066122442807181
[4, 328],0.014811154458794568
[335],0.018440277791066495
[4, 335],0.019027879030054214
[336],0.010267411274014659
[4, 336],0.011050979701458099
