[4],0.5874373339223707
[9],0.21684562319054673
[4, 9],0.1687156109446365
[10],0.16499587613389868
[4, 10],0.11919611787995553
[9, 10],0.04652437984437426
[2],0.13640312150307515
[2, 4],0.1134430806679166
[2, 9],0.051738808766545054
[2, 4, 9],0.045137875609778194
[2, 10],0.046754470197001755
[2, 4, 10],0.03887916526278953
[2, 36],0.0459990152671552
[2, 4, 36],0.040298432989343144
[11],0.09781516262805992
[4, 11],0.06906845481219326
[9, 11],0.030271111350513316
[4, 9, 11],0.02466254065977766
[10, 11],0.038854063050538346
[4, 10, 11],0.030061534338255726
[2, 11],0.0293363675292741
[11, 36],0.027811567277554287
[12],0.05825445812334264
[4, 12],0.05825445812334264
[9, 12],0.05825445812334264
[4, 9, 12],0.05413235719808889
[10, 12],0.05255741482490134
[4, 10, 12],0.04341056794203661
[9, 10, 12],0.024570402136907216
[4, 9, 10, 12],0.021009613335991217
[10, 12, 36],0.023200680344869707
[4, 10, 12, 36],0.019368434316510495
[2, 12],0.055341273450155895
[2, 4, 12],0.04522643123566398
[2, 9, 12],0.02742401897236446
[2, 4, 9, 12],0.02307958023998117
[2, 10, 12],0.024115308381119666
[2, 4, 10, 12],0.019990377079252046
[2, 12, 36],0.027077886438439634
[2, 4, 12, 36],0.02266070573933934
[11, 12],0.03415146964248685
[4, 11, 12],0.028246848805672166
[9, 11, 12],0.016248448074148453
[10, 11, 12],0.017047464088323333
[2, 11, 12],0.015921806676155385
[11, 12, 36],0.01538726673053016
[12, 36],0.05825445812334264
[4, 12, 36],0.052573834047525525
[9, 12, 36],0.032873126645576005
[4, 9, 12, 36],0.028132976782667286
[12, 64],0.02525877653537992
[4, 12, 64],0.020448667421475046
[12, 63],0.02660421876872273
[4, 12, 63],0.021430453911393258
[12, 31],0.03772044486295658
[4, 12, 31],0.03146467842090627
[10, 12, 31],0.016323776618742493
[12, 31, 36],0.01788987139176397
[4, 12, 31, 36],0.015032027619302769
[9, 12, 31],0.016621183592077853
[2, 12, 31],0.0184308000404637
[2, 4, 12, 31],0.015383374856274855
[12, 34],0.030489912487500694
[9, 12, 34],0.014695721457616901
[12, 34, 36],0.015775232384537662
[4, 12, 34],0.02403043445617794
[12, 37],0.02818450915216791
[4, 12, 37],0.022919911242369802
[12, 38],0.0202094951685078
[4, 12, 38],0.016909153491224606
[12, 43],0.037723655451997344
[4, 12, 43],0.030657235430058185
[10, 12, 43],0.01916762350213193
[4, 10, 12, 43],0.015608192227451663
[9, 12, 43],0.01768726878186858
[4, 9, 12, 43],0.014764966345919985
[2, 12, 43],0.018056825409511784
[12, 36, 43],0.01645133921196087
[12, 66],0.027713118314670698
[4, 12, 66],0.022679711157881966
[12, 35],0.031615786612640424
[4, 12, 35],0.025401266961408524
[9, 12, 35],0.014813319524870224
[12, 35, 36],0.0158023090047837
[12, 82],0.022959817948662968
[4, 12, 82],0.01906495812583872
[12, 24],0.026610499687864095
[4, 12, 24],0.02171375972910877
[12, 173],0.015197643947313676
[12, 54],0.02144920159692756
[4, 12, 54],0.017771198111349737
[8],0.012012599996868649
[4, 8],0.012012599996868649
[8, 9],0.012012599996868649
[4, 8, 9],0.012013729698684613
[8, 10],0.012012599996868649
[4, 8, 10],0.010041551178511429
[2, 8],0.011468810770446135
[8, 36],0.012012599996868649
[4, 8, 36],0.010041204354916412
[3],0.016827869756150568
[3, 4],0.016827869756150568
[3, 9],0.016827869756150568
[3, 4, 9],0.016563907944465127
[3, 10],0.014079460956408683
[3, 4, 10],0.012188871737603992
[2, 3],0.016413711708648554
[2, 3, 4],0.014600062285975766
[3, 36],0.016827869756150568
[3, 4, 36],0.019029881705733505
[1],0.013817954040777158
[1, 4],0.013817954040777158
[1, 9],0.013817954040777158
[1, 4, 9],0.018931289554092772
[1, 173],0.013817954040777158
[1, 4, 173],0.012146042905861113
[1, 9, 173],0.0124187063087472
[1, 4, 9, 173],0.010397339212230407
[13],0.021996120390578883
[4, 13],0.021996120390578883
[9, 13],0.021996120390578883
[4, 9, 13],0.021859006254687556
[10, 13],0.021996120390578883
[4, 10, 13],0.018831977122654248
[2, 13],0.021996120390578883
[2, 4, 13],0.020493272917134688
[11, 13],0.014260758291035623
[4, 11, 13],0.011694503976937358
[13, 36],0.021996120390578883
[4, 13, 36],0.019720413829259518
[9, 13, 36],0.010057214958682947
[13, 34],0.01151855624963152
[13, 82],0.010066692106233736
[13, 43],0.01888326858338174
[4, 13, 43],0.015521919650923234
[13, 66],0.01663034417866265
[4, 13, 66],0.013556225200698865
[13, 63],0.01435851956472988
[4, 13, 63],0.011633720067149324
[13, 35],0.021996120390578883
[4, 13, 35],0.019547511541823624
[13, 37],0.011491116447856307
[13, 24],0.021996120390578883
[13, 24, 35],0.014544290300711495
[4, 13, 24, 35],0.012785112373509055
[4, 13, 24],0.019641975152129686
[13, 31],0.015102137463135467
[4, 13, 31],0.012412963418527571
[13, 38],0.010159279089816224
[43],0.10019489760429545
[4, 43],0.06341912441469383
[10, 43],0.03850266539052205
[4, 10, 43],0.02993044833374242
[2, 43],0.02742120130590632
[9, 43],0.02868156268393449
[35],0.08866965695933589
[4, 35],0.06871124138210885
[35, 36],0.03225589867697548
[4, 35, 36],0.025088222407731717
[10, 35],0.02849362635326626
[2, 35],0.03092679929931893
[2, 4, 35],0.02479283280424021
[9, 35],0.028771949290310173
[4, 9, 35],0.02300258204764987
[37],0.07554384037174067
[37, 43],0.02698346285530566
[4, 37, 43],0.0208240897151076
[11, 37],0.0222123980856914
[9, 37],0.02696585521657469
[4, 9, 37],0.02207546053129449
[36, 37],0.02425315798937668
[4, 36, 37],0.019040777802249987
[10, 37],0.03214234396532584
[4, 10, 37],0.024741807682410705
[4, 37],0.0629581903948337
[2, 37],0.028724558008895524
[2, 4, 37],0.023331125834210494
[31, 37],0.021667233961417672
[24],0.07268780133260107
[24, 43],0.02800385047399021
[4, 24, 43],0.020684677494773762
[11, 24],0.027032028648063734
[4, 11, 24],0.02005603594286333
[24, 35],0.06288207277923173
[4, 24, 35],0.04831994567484734
[10, 24, 35],0.020425175318257268
[9, 24, 35],0.02129940837701733
[24, 35, 36],0.024674413135983633
[4, 24, 35, 36],0.019962256042558704
[2, 24, 35],0.023103816272788468
[2, 4, 24, 35],0.01909565808847428
[24, 37],0.020432612268068143
[4, 24],0.07268780133260107
[24, 31],0.028585317371595954
[4, 24, 31],0.02214640799581773
[10, 24],0.039049150607987915
[4, 10, 24],0.030218037439295863
[24, 36],0.04372853354204601
[4, 24, 36],0.03373190592846989
[24, 38],0.019730886471283644
[9, 24],0.03827273225112537
[4, 9, 24],0.030270890825660566
[2, 24],0.0415294229681294
[2, 4, 24],0.03279292356934084
[2, 24, 36],0.0185315139949651
[24, 34],0.02377298256618651
[24, 64],0.023445598751856932
[54],0.05930687781036898
[43, 54],0.04445172800117446
[4, 43, 54],0.03607254352974239
[10, 43, 54],0.02382865529080172
[4, 10, 43, 54],0.019812959551479055
[2, 43, 54],0.019276783888146107
[2, 4, 43, 54],0.015595912946990252
[9, 43, 54],0.018941593256367385
[4, 9, 43, 54],0.016207184692930244
[36, 43, 54],0.016631460898277436
[11, 54],0.04646368775374291
[11, 43, 54],0.016957692081805812
[4, 11, 54],0.0365817460497076
[10, 11, 54],0.02413085845329848
[4, 10, 11, 54],0.019715675865986576
[2, 11, 54],0.01938415322450745
[2, 4, 11, 54],0.015399864450339472
[9, 11, 54],0.018851940876345674
[4, 9, 11, 54],0.015381983189217761
[11, 36, 54],0.019190078739058723
[4, 11, 36, 54],0.0154671915553976
[35, 54],0.03529035314972458
[4, 35, 54],0.027871536239837014
[10, 35, 54],0.016748876913917125
[35, 36, 54],0.014902313271531518
[37, 54],0.04015309971013436
[37, 43, 54],0.015883354175927927
[11, 37, 54],0.01552602926448434
[4, 37, 54],0.0324376352198887
[2, 37, 54],0.015275145239272703
[9, 37, 54],0.016318053421821844
[36, 37, 54],0.014998421177153158
[10, 37, 54],0.01896975411806573
[4, 10, 37, 54],0.01592085224451518
[24, 54],0.029998895138878157
[24, 35, 54],0.016686521672205638
[4, 24, 54],0.024454044196463152
[36, 54],0.057109438099104806
[4, 36, 54],0.04572490801467138
[9, 36, 54],0.025870875777988512
[4, 9, 36, 54],0.02156490906719635
[10, 54],0.05930687781036898
[10, 36, 54],0.023559201255454302
[4, 10, 36, 54],0.019088690368396527
[4, 10, 54],0.05113999088172727
[9, 10, 54],0.026425208795613265
[4, 9, 10, 54],0.021989747694238726
[31, 54],0.037769858057396265
[31, 36, 54],0.015343868713811654
[10, 31, 54],0.018820469553781093
[4, 10, 31, 54],0.015659574614785603
[4, 31, 54],0.03063340348859541
[9, 31, 54],0.016014856663122634
[2, 31, 54],0.01737487697139903
[4, 54],0.05930687781036898
[2, 54],0.05402467709851117
[2, 4, 54],0.04337451590631224
[2, 10, 54],0.025827226713404254
[2, 4, 10, 54],0.020918237624563855
[2, 9, 54],0.02360043442610777
[2, 4, 9, 54],0.019763524823970903
[2, 36, 54],0.021878041119502138
[2, 4, 36, 54],0.01766927090368007
[34, 54],0.0308608798057881
[4, 34, 54],0.024539234282050227
[54, 82],0.028907209287506817
[4, 54, 82],0.023290707570133212
[54, 63],0.027911558511564225
[4, 54, 63],0.023048331134134712
[38, 54],0.027246099268333893
[4, 38, 54],0.021644959870926725
[54, 64],0.02275339121413534
[4, 54, 64],0.018477338983328137
[9, 54],0.05930687781036898
[4, 9, 54],0.048913349963832654
[54, 173],0.022712323054897635
[4, 54, 173],0.01812236342213163
[9, 54, 173],0.017734276727688368
[54, 66],0.03003895177671506
[4, 54, 66],0.02389499146479414
[18],0.03896731751043034
[18, 43],0.02108641422578805
[4, 18, 43],0.01743572540295661
[11, 18],0.018268504064102676
[4, 11, 18],0.014727014668314352
[18, 35],0.01840679836778318
[4, 18, 35],0.015123732803567639
[18, 37],0.015830235634143545
[4, 18, 37],0.013237100946133867
[18, 24],0.01400674365107541
[4, 18, 24],0.011930971370694814
[4, 18],0.03896731751043034
[9, 18],0.03462924686529502
[4, 9, 18],0.02968813571031841
[18, 36],0.03618978042867129
[4, 18, 36],0.030283522694669367
[9, 18, 36],0.0151623877394301
[4, 9, 18, 36],0.01336871632221405
[2, 18],0.032114739191184946
[2, 4, 18],0.027153337407195586
[2, 18, 36],0.013077323535119697
[2, 4, 18, 36],0.011451809685241789
[2, 9, 18],0.01284122218428454
[2, 4, 9, 18],0.01110950487353678
[2, 10, 18],0.011955470705402663
[18, 38],0.011134920865841502
[18, 62],0.010004671112865612
[12, 18],0.010832634023090263
[18, 34],0.017954497178007865
[4, 18, 34],0.014562386911338713
[18, 66],0.015839835261854642
[4, 18, 66],0.012982565238001611
[18, 63],0.014913374581752088
[4, 18, 63],0.012251100992407987
[18, 64],0.014696313552086967
[4, 18, 64],0.012277427571024754
[18, 93],0.01063611165751275
[10, 18],0.030642304772077425
[4, 10, 18],0.02531531591825956
[10, 18, 36],0.010493553506427816
[9, 10, 18],0.010660613146583188
[18, 71],0.0111091211232839
[18, 31],0.022090614873703212
[4, 18, 31],0.018129267589703863
[18, 82],0.012893593557990678
[4, 18, 82],0.010841467768823086
[17],0.039599743966334644
[17, 43],0.02164872899304437
[4, 17, 43],0.018138274402402378
[10, 17, 43],0.010750834469580852
[11, 17],0.018740865702084403
[4, 11, 17],0.015401527050159198
[17, 35],0.016838843614767722
[4, 17, 35],0.01408138507693179
[17, 37],0.01577539479385894
[4, 17, 37],0.013104061208866355
[17, 24],0.013549668559264436
[4, 17, 24],0.011347561325455996
[17, 54],0.01095064749234023
[4, 17],0.039599743966334644
[10, 17],0.03217685245278878
[4, 10, 17],0.02668996721383363
[9, 10, 17],0.013319368793283614
[4, 9, 10, 17],0.011620001776627718
[10, 17, 36],0.011625704705631915
[17, 31],0.024660501315709533
[4, 17, 31],0.02011974033924006
[9, 17, 31],0.010872480007125445
[2, 17, 31],0.01050455931432912
[17, 66],0.013311926891638742
[4, 17, 66],0.010917806144871577
[12, 17],0.014491619111514734
[4, 12, 17],0.011887723478457712
[9, 17],0.039599743966334644
[4, 9, 17],0.03591826064119067
[2, 17],0.0334543853480675
[2, 4, 17],0.028282608255119072
[2, 9, 17],0.014343800955221947
[2, 4, 9, 17],0.012631444718768875
[2, 10, 17],0.01323085263986986
[2, 4, 10, 17],0.011160791454498071
[2, 17, 36],0.01349950947134427
[2, 4, 17, 36],0.01170685127547512
[17, 64],0.014817818648257031
[4, 17, 64],0.01221616490693615
[17, 71],0.012174483083526574
[4, 17, 71],0.010205773891034569
[17, 93],0.011923831006934745
[17, 62],0.012503211887531882
[4, 17, 62],0.010495410633607849
[17, 36],0.037853485586335764
[4, 17, 36],0.03148309634886853
[9, 17, 36],0.017725297755870555
[4, 9, 17, 36],0.015327504509340825
[17, 34],0.02098521118736711
[4, 17, 34],0.016631110646924567
[17, 38],0.011217046912259224
[17, 63],0.01236165608609147
[4, 17, 63],0.010336616028528206
[17, 82],0.012830029192193369
[4, 17, 82],0.010773277298505466
[48],0.028429436672663642
[43, 48],0.023783715472646336
[4, 43, 48],0.019715047840638964
[10, 43, 48],0.010701963663577707
[11, 48],0.016511015580919303
[4, 11, 48],0.013201867161477806
[35, 48],0.019040300184836878
[4, 35, 48],0.015735929625672725
[37, 48],0.014210784129147707
[4, 37, 48],0.011854475167305154
[24, 48],0.018174582760096033
[24, 35, 48],0.01044485181011393
[4, 24, 48],0.015225784515532265
[48, 54],0.011927420177652632
[4, 48],0.028429436672663642
[9, 48],0.028114185778836537
[4, 9, 48],0.023614674057197072
[10, 48],0.02677719113544264
[4, 10, 48],0.02235096723174569
[31, 48],0.019639701278284922
[4, 31, 48],0.016588229671855127
[38, 48],0.012870708398413483
[4, 38, 48],0.010258046750916313
[48, 82],0.01186129670917634
[4, 48, 82],0.010157727342868565
[48, 97],0.012831555722963886
[4, 48, 97],0.010480839105088737
[48, 158],0.012197265430407063
[2, 48],0.0265359377231989
[2, 4, 48],0.0221263815527824
[2, 36, 48],0.01002820600719071
[34, 48],0.012026568457835073
[48, 93],0.0102659930008865
[36, 48],0.027804598338525475
[4, 36, 48],0.023376437735632798
[9, 36, 48],0.011103123225694947
[48, 66],0.012768925127015432
[4, 48, 66],0.010124950349697646
[48, 64],0.011145303704451248
[48, 63],0.011706717138673106
[12, 48],0.010727351423364322
[20],0.025018137918712886
[20, 43],0.01219714932568698
[11, 20],0.010832026391852118
[20, 35],0.010123482652381463
[20, 54],0.010019357184245941
[20, 36],0.025018137918712886
[4, 20, 36],0.021215208789724126
[10, 20],0.01657944526129903
[4, 10, 20],0.013852231818284442
[4, 20],0.025018137918712886
[9, 20],0.02175376983001859
[4, 9, 20],0.018523059564337904
[20, 66],0.010294180614379134
[2, 20],0.020980215375395017
[2, 4, 20],0.01700881468820958
[20, 34],0.011642605453649667
[20, 31],0.012069832927177115
[33],0.021307077383840627
[33, 43],0.014159049979664405
[4, 33, 43],0.011665405020425505
[11, 33],0.011391267452375866
[33, 35],0.011424238161295086
[24, 33],0.01068523192938427
[4, 33],0.021307077383840627
[10, 33],0.019638444699131414
[4, 10, 33],0.01660720642902809
[2, 33],0.01718429926256129
[2, 4, 33],0.014088555864496203
[9, 33],0.019165671723665612
[4, 9, 33],0.01634991348364958
[33, 36],0.017819775302983596
[4, 33, 36],0.014814013932220595
[31, 33],0.013293503783064166
[4, 31, 33],0.010988961048031296
[29],0.03265604136059249
[29, 43],0.010065166583525477
[11, 29],0.011660482238736577
[29, 35],0.01042162806458297
[4, 29],0.03265604136059249
[9, 29],0.03265604136059249
[4, 9, 29],0.02942360040571194
[29, 36],0.03265604136059249
[4, 29, 36],0.03265604136059249
[9, 29, 36],0.024567953518518076
[4, 9, 29, 36],0.02210481561945014
[2, 29],0.016846872950002346
[2, 4, 29],0.01416226450843925
[2, 29, 36],0.011760612160269506
[2, 4, 29, 36],0.010112013479030329
[29, 64],0.01518754995044712
[4, 29, 64],0.012848521330967522
[29, 36, 64],0.010557705830442073
[10, 29],0.016549663765021993
[4, 10, 29],0.013896962799227511
[10, 29, 36],0.011449950194496714
[29, 31],0.013215550570186724
[4, 29, 31],0.011234795717599593
[29, 62],0.011458416468069818
[4, 29, 62],0.010212052606788062
[29, 34],0.016375270571777394
[4, 29, 34],0.013702812489091498
[29, 34, 36],0.011898582122568621
[4, 29, 34, 36],0.010237030481567924
[29, 75],0.011123648343124069
[29, 87],0.01265766754829924
[4, 29, 87],0.011722922934019676
[30],0.023228938460060466
[30, 43],0.012035953632227009
[4, 30, 43],0.010220511707661667
[11, 30],0.010774195641814121
[4, 30],0.023228938460060466
[30, 34],0.010281787940353478
[30, 36],0.01985431843983738
[4, 30, 36],0.016874536545169624
[2, 30],0.019243183806192044
[2, 4, 30],0.015820411897591084
[9, 30],0.020389812046294257
[4, 9, 30],0.017262586733888963
[10, 30],0.018390302534610648
[4, 10, 30],0.014995587802850437
[30, 31],0.01821846592190906
[4, 30, 31],0.015136158671471351
[32],0.011462694023269316
[4, 32],0.02235144590536536
[19],0.01848852308263817
[19, 43],0.015759792418583243
[4, 19, 43],0.012584245798393179
[11, 19],0.01278840700941643
[4, 11, 19],0.010320825011747706
[19, 37],0.011058319241863072
[4, 19],0.01848852308263817
[10, 19],0.01848852308263817
[4, 10, 19],0.016646443815988406
[19, 31],0.01241918795207424
[4, 19, 31],0.010030027533491576
[9, 19],0.01848852308263817
[4, 9, 19],0.01606906132255886
[19, 36],0.017696722014383676
[4, 19, 36],0.014415842787363364
[2, 19],0.01848852308263817
[2, 4, 19],0.015205322067148095
[36],0.21630605856509413
[4, 36],0.1570071722375579
[9, 36],0.06956528066844617
[4, 9, 36],0.06126590265500993
[64],0.07398085119895212
[4, 64],0.07398085119895212
[9, 64],0.046207792593415016
[4, 9, 64],0.03645071560820978
[36, 64],0.04123070875135584
[4, 36, 64],0.03257161655482314
[9, 36, 64],0.02031940367938052
[2, 64],0.03595481590241525
[2, 4, 64],0.02814713516148988
[11, 64],0.023837375295498005
[10, 64],0.03453611263138884
[4, 10, 64],0.02835707056242348
[43, 64],0.023162541021084622
[35, 64],0.022531545114612445
[31, 64],0.02740462890117316
[4, 31, 64],0.021192843821894684
[34, 64],0.022978646814208605
[63],0.06311547843066156
[4, 63],0.06311547843066156
[9, 63],0.05535501855850555
[4, 9, 63],0.044700835630543126
[36, 63],0.05622146222898406
[4, 36, 63],0.04432616180302123
[9, 36, 63],0.024779881043432372
[4, 9, 36, 63],0.020613929297882683
[2, 63],0.055610791035470265
[2, 4, 63],0.04362693902895349
[2, 9, 63],0.023689810873560712
[2, 4, 9, 63],0.019490765345331444
[2, 36, 63],0.023106701044795876
[2, 4, 36, 63],0.01863609302011016
[2, 10, 63],0.024906060955378864
[2, 4, 10, 63],0.019505288892208723
[63, 64],0.025046019477268595
[4, 63, 64],0.020415295485162105
[31, 63],0.03743439724389148
[4, 31, 63],0.02961871522758754
[2, 31, 63],0.01749946652537446
[10, 31, 63],0.017373752621586677
[10, 63],0.05670959072492416
[4, 10, 63],0.04466481182508607
[10, 36, 63],0.02217324441690752
[4, 10, 36, 63],0.018276072664764824
[9, 10, 63],0.022789445547578956
[4, 9, 10, 63],0.018249011177946695
[34, 63],0.03264936144962297
[4, 34, 63],0.024659770613867496
[43, 63],0.046058532422894746
[4, 43, 63],0.0356075368887102
[10, 43, 63],0.023056345242754128
[4, 10, 43, 63],0.018083181743769647
[2, 43, 63],0.021266838216447967
[2, 4, 43, 63],0.016389363302499037
[9, 43, 63],0.01813325797221962
[36, 43, 63],0.016859840978701027
[11, 63],0.04053897945487516
[4, 11, 63],0.03178672110489597
[10, 11, 63],0.02007445918287108
[4, 10, 11, 63],0.016175268878324763
[2, 11, 63],0.017805816404688146
[9, 11, 63],0.016364452860341546
[63, 82],0.02913868562299705
[4, 63, 82],0.023011045320092405
[35, 63],0.04349556851863075
[4, 35, 63],0.033297265396673235
[2, 35, 63],0.018670409453183948
[35, 36, 63],0.017643700491636646
[10, 35, 63],0.01873889814276635
[37, 63],0.03188967672103721
[4, 37, 63],0.025850288241350997
[10, 37, 63],0.015820971939954666
[63, 66],0.042734929282967946
[4, 63, 66],0.03255059967763906
[9, 63, 66],0.016405265141938713
[36, 63, 66],0.01677798371547594
[10, 63, 66],0.017405226092532398
[2, 63, 66],0.017620716510233076
[38, 63],0.029996393284610498
[4, 38, 63],0.02282832664089654
[24, 63],0.03581799273553161
[4, 24, 63],0.02766712570516336
[24, 35, 63],0.01790988178509614
[63, 173],0.016864853966763384
[61],0.04999655133546518
[4, 61],0.04999655133546518
[9, 61],0.04675526809082447
[4, 9, 61],0.04018485431752834
[36, 61],0.04999655133546518
[4, 36, 61],0.04246789805832473
[9, 36, 61],0.02169375186442581
[4, 9, 36, 61],0.018594397607840766
[2, 61],0.04410022426813639
[2, 4, 61],0.03688049822926288
[2, 9, 61],0.018467649652796337
[2, 4, 9, 61],0.015611144416403393
[2, 36, 61],0.01915117471615434
[2, 4, 36, 61],0.015977303118917513
[2, 10, 61],0.0164092904117674
[2, 4, 10, 61],0.014144985801792983
[61, 64],0.01946099124606947
[4, 61, 64],0.016541579756869228
[61, 63],0.026895587047693535
[4, 61, 63],0.022423320021263
[12, 61],0.01599108629433957
[4, 12, 61],0.013569368432959404
[10, 61],0.040812886735385474
[4, 10, 61],0.03491208128477315
[10, 36, 61],0.0159581481169011
[4, 10, 36, 61],0.013877141353768524
[9, 10, 61],0.015677205552039948
[4, 9, 10, 61],0.013641051455377282
[31, 61],0.029270708793106698
[4, 31, 61],0.024512250886618417
[2, 31, 61],0.013134640863426085
[35, 61],0.026027420506299356
[4, 35, 61],0.021535394833931548
[37, 61],0.020076909516436845
[4, 37, 61],0.016581902019292334
[43, 61],0.030633983395669324
[4, 43, 61],0.02536638072880069
[10, 43, 61],0.014603258658695028
[2, 43, 61],0.012865134276158721
[61, 82],0.01834138390705862
[4, 61, 82],0.015584277777531843
[61, 71],0.014965976598247603
[61, 93],0.014327642399022188
[61, 66],0.03432203260041695
[4, 61, 66],0.028443575186849618
[36, 61, 66],0.013125707968912324
[54, 61],0.017524646428677564
[4, 54, 61],0.014546338985263836
[34, 61],0.026985294138945484
[4, 34, 61],0.02255278869669911
[38, 61],0.022219395785013123
[4, 38, 61],0.018500200230202116
[24, 61],0.019576969995208686
[4, 24, 61],0.016507698495692114
[61, 173],0.01372811971781034
[11, 61],0.02426683360051437
[4, 11, 61],0.02014207978684085
[62],0.046448303027167244
[4, 62],0.046448303027167244
[9, 62],0.046448303027167244
[4, 9, 62],0.04941020087954341
[36, 62],0.046448303027167244
[4, 36, 62],0.046448303027167244
[9, 36, 62],0.034259108677065234
[4, 9, 36, 62],0.03023634883916896
[2, 62],0.046448303027167244
[2, 4, 62],0.046410902154358516
[2, 9, 62],0.023721656662397873
[2, 4, 9, 62],0.02026403049341373
[2, 36, 62],0.03025892194767289
[2, 4, 36, 62],0.026406458082791788
[2, 9, 36, 62],0.014113908339737757
[2, 4, 9, 36, 62],0.012219008862216198
[2, 10, 62],0.02213212574642093
[2, 4, 10, 62],0.019020399901279118
[2, 10, 36, 62],0.011667550530548281
[62, 64],0.02323668235403213
[4, 62, 64],0.019753343730335878
[9, 62, 64],0.011782111336820065
[36, 62, 64],0.013547033877221445
[4, 36, 62, 64],0.01169329714448427
[62, 63],0.02238177038067325
[4, 62, 63],0.01890284892318678
[36, 62, 63],0.012606873542709148
[12, 62],0.026267701065473548
[4, 12, 62],0.022430344775780795
[9, 12, 62],0.012877834036137672
[12, 36, 62],0.016050777665164447
[4, 12, 36, 62],0.013880747906018495
[2, 12, 62],0.011754992437314725
[61, 62],0.014008432264527594
[4, 61, 62],0.011805668438096986
[10, 62],0.046448303027167244
[10, 36, 62],0.02744609594713785
[9, 10, 36, 62],0.012211600918102385
[4, 10, 36, 62],0.02402452637065851
[9, 10, 62],0.021773510185473553
[4, 9, 10, 62],0.018730938388752047
[4, 10, 62],0.043111984417410924
[31, 62],0.03632047049006774
[31, 36, 62],0.019747347662296518
[4, 31, 36, 62],0.017171710839569657
[10, 31, 62],0.01526089269747147
[4, 10, 31, 62],0.012924679074818049
[4, 31, 62],0.030917689407231476
[9, 31, 62],0.015301142622611062
[4, 9, 31, 62],0.013215014910486746
[2, 31, 62],0.016506016668077123
[2, 4, 31, 62],0.014139746293209843
[54, 62],0.02079797549584912
[36, 54, 62],0.01214363930507631
[4, 54, 62],0.017369530006281407
[34, 62],0.02789414520373205
[9, 34, 62],0.011669142203977679
[34, 36, 62],0.018027224328319484
[4, 34, 36, 62],0.0157581360922563
[4, 34, 62],0.023705817854324202
[37, 62],0.024465355767324646
[36, 37, 62],0.01243876050855738
[4, 37, 62],0.020951865983658374
[38, 62],0.016575228612876004
[4, 38, 62],0.014013852193312214
[62, 75],0.020907932030145605
[36, 62, 75],0.01400462730896613
[4, 36, 62, 75],0.01225590296137068
[4, 62, 75],0.017790977755624535
[43, 62],0.03380686196512765
[4, 43, 62],0.028363744341965636
[10, 43, 62],0.01701914752364428
[4, 10, 43, 62],0.014464085891772022
[2, 43, 62],0.01487692492059285
[2, 4, 43, 62],0.012329904090165303
[9, 43, 62],0.014173778337868419
[4, 9, 43, 62],0.011904064813253852
[36, 43, 62],0.017884234656387762
[4, 36, 43, 62],0.01532613410164833
[11, 62],0.033822229389389
[4, 11, 62],0.0286564080752265
[9, 11, 62],0.014483646359506103
[4, 9, 11, 62],0.012482886143497098
[10, 11, 62],0.016986379045959787
[4, 10, 11, 62],0.01451257010365365
[2, 11, 62],0.015306448811806206
[2, 4, 11, 62],0.013327016823075199
[11, 36, 62],0.019014367041389556
[4, 11, 36, 62],0.016607658338502786
[62, 71],0.020335046522535184
[4, 62, 71],0.01683663040199826
[62, 93],0.019472056251287593
[4, 62, 93],0.016378462285096065
[62, 230],0.012700825816519202
[62, 66],0.023208002641415173
[4, 62, 66],0.019410815909355582
[36, 62, 66],0.013089311290560799
[24, 62],0.022225291997288326
[4, 24, 62],0.018551752003178
[24, 36, 62],0.01273865612176216
[62, 140],0.017727440036321304
[4, 62, 140],0.015072377381728279
[35, 62],0.026047365377413728
[4, 35, 62],0.022277889425137247
[35, 36, 62],0.014244533581289345
[4, 35, 36, 62],0.012418425218244197
[62, 173],0.014161470684740432
[4, 62, 173],0.012508060122993733
[62, 110],0.016339975287463452
[4, 62, 110],0.014054517625741935
[62, 82],0.022447232422482567
[4, 62, 82],0.018882295310032438
[60],0.026141217163689518
[4, 60],0.026141217163689518
[9, 60],0.026141217163689518
[4, 9, 60],0.029139188568106187
[36, 60],0.026141217163689518
[4, 36, 60],0.022985774973314194
[9, 36, 60],0.014976335193220258
[4, 9, 36, 60],0.013363474386162503
[2, 60],0.020093319680916065
[2, 4, 60],0.0168398521034728
[2, 9, 60],0.01066495286773567
[10, 60],0.018160611675937317
[4, 10, 60],0.014785278471993148
[31, 60],0.013030897599025761
[4, 31, 60],0.011035426574765625
[43, 60],0.012808425890838495
[4, 43, 60],0.010603562483622594
[34, 60],0.012788914796851096
[4, 34, 60],0.01015939128261944
[11, 60],0.010899389335658186
[66],0.07070812452098489
[4, 66],0.07070812452098489
[9, 66],0.04871607016779439
[4, 9, 66],0.03870837441569151
[36, 66],0.04975780397357717
[4, 36, 66],0.0381871448107345
[9, 36, 66],0.021435324710540993
[4, 9, 36, 66],0.017875747444129057
[2, 66],0.04944971594711165
[2, 4, 66],0.03824465281266425
[2, 9, 66],0.020745273732174035
[2, 36, 66],0.019420663960213667
[2, 10, 66],0.022346217165942397
[10, 66],0.05103880554463968
[4, 10, 66],0.0401844782877912
[10, 36, 66],0.019144073480819302
[9, 10, 66],0.021253666847950572
[31, 66],0.03288153928226183
[4, 31, 66],0.025504106311241663
[43, 66],0.04166756617174902
[4, 43, 66],0.03151657345688883
[10, 43, 66],0.021805130655750328
[2, 43, 66],0.019414195872404828
[34, 66],0.031087969220703768
[4, 34, 66],0.02389991893863827
[35, 66],0.03729408995414325
[4, 35, 66],0.027983166382531007
[38, 66],0.029162839116700996
[4, 38, 66],0.02178681184990486
[24, 66],0.031219015846105307
[4, 24, 66],0.024466133013554884
[11, 66],0.03576801177758031
[4, 11, 66],0.02758454004441996
[10, 11, 66],0.01790682127185177
[37, 66],0.02990813940564915
[4, 37, 66],0.023444346185747075
[64, 66],0.02422447461032103
[4, 64, 66],0.019667050586124963
[69],0.019836262938974347
[4, 69],0.019836262938974347
[9, 69],0.019836262938974347
[4, 9, 69],0.019174679368312807
[36, 69],0.019836262938974347
[4, 36, 69],0.017091894337022958
[2, 69],0.019836262938974347
[2, 4, 69],0.01688835667576482
[10, 69],0.017198485154433816
[4, 10, 69],0.014600041277747772
[11, 69],0.010527563891088826
[31, 69],0.011610338614598103
[43, 69],0.012960554016684068
[4, 43, 69],0.011074346440355855
[67],0.010889395574858475
[4, 67],0.010889395574858475
[9, 67],0.010008311914702847
[36, 67],0.010889395574858475
[4, 36, 67],0.012358927993418221
[65],0.03166346740023876
[4, 65],0.03166346740023876
[9, 65],0.030212646481704013
[4, 9, 65],0.02625765140972417
[36, 65],0.03166346740023876
[4, 36, 65],0.03166346740023876
[9, 36, 65],0.015582450178424752
[4, 9, 36, 65],0.013887661432677641
[2, 65],0.026338218904416573
[2, 4, 65],0.022325100499083775
[2, 9, 65],0.01015752624442702
[2, 36, 65],0.011247455894547105
[65, 66],0.013993169851982802
[4, 65, 66],0.011679357927682113
[54, 65],0.012136755612513461
[4, 54, 65],0.010143971971941827
[38, 65],0.010526734429466235
[31, 65],0.016346610134094518
[4, 31, 65],0.013886998173558564
[34, 65],0.013226491272557898
[4, 34, 65],0.011079608104151546
[63, 65],0.010578248772005302
[43, 65],0.015267204750461843
[4, 43, 65],0.01281500675622885
[10, 65],0.020983169043359323
[4, 10, 65],0.01790375575885557
[11, 65],0.013832015059128826
[4, 11, 65],0.01170020921116824
[37, 65],0.010159747194302692
[24, 65],0.011491273660938507
[35, 65],0.014383732646225307
[4, 35, 65],0.012095187723126573
[31],0.11052892922330093
[31, 36],0.03142044957058756
[10, 31],0.03178674185028807
[4, 31],0.08089846419414215
[9, 31],0.028957878081755734
[2, 31],0.03533912126160755
[2, 4, 31],0.029077861521831568
[71],0.05430205630613927
[31, 71],0.04777589930489551
[4, 31, 71],0.03913075143558049
[9, 31, 71],0.018270005759086678
[4, 9, 31, 71],0.015222033435601176
[31, 36, 71],0.01708685240450546
[4, 31, 36, 71],0.014221309900184826
[10, 31, 71],0.019582110355627264
[4, 10, 31, 71],0.016205928917798776
[2, 31, 71],0.022006894377384414
[2, 4, 31, 71],0.0183595586691852
[63, 71],0.02362240010807608
[4, 63, 71],0.01913091309541861
[12, 71],0.0216695057602975
[4, 12, 71],0.017818731873066793
[4, 71],0.05430205630613927
[9, 71],0.052710911720363546
[4, 9, 71],0.0441224298571518
[35, 71],0.029281406984288598
[4, 35, 71],0.02371884172012167
[36, 71],0.0487976093024016
[4, 36, 71],0.03994907049580315
[9, 36, 71],0.02217405207736354
[4, 9, 36, 71],0.01866348316957907
[10, 71],0.05184028252291704
[4, 10, 71],0.0422960465003863
[9, 10, 71],0.020808160201663338
[4, 9, 10, 71],0.017548450519628157
[10, 36, 71],0.019274448251311922
[4, 10, 36, 71],0.01572351303153974
[2, 71],0.05430205630613927
[2, 4, 71],0.04504604443150325
[2, 9, 71],0.02318802346911321
[2, 4, 9, 71],0.01989916904014493
[2, 36, 71],0.021484820323534878
[2, 4, 36, 71],0.017824781401579132
[2, 10, 71],0.02352681445631943
[2, 4, 10, 71],0.01904164809252593
[34, 71],0.0264698867788432
[4, 34, 71],0.02097285450072523
[43, 71],0.0400915472036519
[4, 43, 71],0.0323423372740289
[9, 43, 71],0.015906324974939566
[10, 43, 71],0.02010979185454813
[4, 10, 43, 71],0.016587285991331593
[2, 43, 71],0.0186113690203358
[2, 4, 43, 71],0.0151455726631633
[31, 43, 71],0.015553047713478743
[11, 71],0.03560534451304463
[4, 11, 71],0.02850481245590153
[9, 11, 71],0.01408662775306449
[11, 36, 71],0.014393203468281986
[10, 11, 71],0.018009397822968457
[4, 10, 11, 71],0.014420064541226772
[2, 11, 71],0.01582541118422107
[37, 71],0.027668088651997554
[4, 37, 71],0.022951796610530623
[64, 71],0.023339883609625023
[4, 64, 71],0.0193581122551839
[71, 82],0.025007097084557995
[4, 71, 82],0.02080359957529067
[38, 71],0.020653377017200266
[4, 38, 71],0.017178880836137774
[66, 71],0.02671811232430647
[4, 66, 71],0.021538324332552056
[54, 71],0.021634446963665583
[4, 54, 71],0.017360693654238084
[71, 173],0.01458009118174309
[24, 71],0.02291134841686008
[4, 24, 71],0.018712642511378625
[72],0.017624294806556022
[4, 72],0.017624294806556022
[10, 72],0.011532068285965067
[2, 72],0.013426775954390202
[2, 4, 72],0.011313712383457627
[9, 72],0.014982473726783574
[4, 9, 72],0.012806051543106526
[36, 72],0.012613459136217066
[4, 36, 72],0.010632827769459407
[34],0.10696674249421377
[4, 34],0.06614682794818169
[9, 34],0.026996092743514808
[34, 36],0.033966451595929446
[75],0.04722652458475494
[4, 75],0.04722652458475494
[10, 75],0.04007403907540368
[4, 10, 75],0.03413263110113126
[10, 36, 75],0.024100721351623854
[4, 10, 36, 75],0.02106255440669499
[9, 10, 75],0.01720446194195039
[4, 9, 10, 75],0.014785445037554187
[34, 75],0.026946961239621717
[4, 34, 75],0.02171407655280808
[34, 36, 75],0.017434664155107606
[4, 34, 36, 75],0.014453351876261818
[43, 75],0.028105165918753023
[4, 43, 75],0.023493015847161194
[10, 43, 75],0.013247991485436891
[36, 43, 75],0.01573644509957828
[4, 36, 43, 75],0.013555546707723378
[2, 43, 75],0.012458240702882397
[36, 75],0.04722652458475494
[4, 36, 75],0.04722652458475494
[9, 36, 75],0.03383017715830586
[4, 9, 36, 75],0.02995132403882072
[11, 75],0.02798254093485179
[4, 11, 75],0.0233924550286625
[11, 36, 75],0.017508761030734787
[4, 11, 36, 75],0.015200429026200613
[10, 11, 75],0.01211245401116557
[2, 11, 75],0.01187993305408612
[9, 75],0.04722652458475494
[4, 9, 75],0.044971187398222603
[37, 75],0.019958810441048674
[4, 37, 75],0.016687658393731077
[38, 75],0.01648310482841897
[4, 38, 75],0.014027254515120113
[12, 75],0.023223814973523188
[12, 36, 75],0.015172334945960908
[4, 12, 36, 75],0.013102417799890496
[4, 12, 75],0.019557209775442525
[2, 75],0.04713757018527089
[2, 4, 75],0.03968213739136296
[2, 10, 75],0.016147660666944924
[2, 4, 10, 75],0.013683413206337466
[2, 9, 75],0.021153769130282097
[2, 4, 9, 75],0.01835610355174002
[2, 36, 75],0.029506397315603422
[2, 4, 36, 75],0.025420797181412484
[2, 9, 36, 75],0.01392696774897714
[2, 4, 9, 36, 75],0.012335108862131282
[75, 82],0.016801356004808456
[4, 75, 82],0.01426046876232492
[63, 75],0.01889311751504489
[4, 63, 75],0.01573714390112381
[54, 75],0.018786340499912506
[4, 54, 75],0.015458744969240077
[75, 93],0.015704714702571534
[4, 75, 93],0.013326062260949656
[31, 75],0.029114787156316428
[4, 31, 75],0.024295599403962587
[9, 31, 75],0.011970526886224984
[2, 31, 75],0.013041270503302312
[31, 36, 75],0.017384433040340503
[4, 31, 36, 75],0.014821133973001308
[35, 75],0.023174204135476193
[4, 35, 75],0.018920392409377415
[35, 36, 75],0.014126232879076403
[24, 75],0.019482979357236772
[4, 24, 75],0.016306862164755048
[66, 75],0.019899103799272008
[4, 66, 75],0.016572345039667466
[75, 230],0.01249762867897994
[71, 75],0.016198861588466975
[4, 71, 75],0.013658482950688855
[75, 110],0.01473640847586602
[4, 75, 110],0.012823928592282346
[75, 173],0.014103156221363012
[4, 75, 173],0.012240782652711094
[61, 75],0.01471044015015466
[4, 61, 75],0.012468594758663892
[75, 140],0.019316444906162678
[36, 75, 140],0.012094700940507868
[4, 75, 140],0.01621564385706787
[64, 75],0.020554258140335027
[4, 64, 75],0.01742083248652726
[36, 64, 75],0.01360684379328488
[4, 36, 64, 75],0.011936541597404714
[77],0.012894981100496068
[9, 77],0.012894981100496068
[4, 9, 77],0.01405779083240625
[4, 77],0.012894981100496068
[2, 77],0.011676594189011584
[36, 77],0.012894981100496068
[4, 36, 77],0.012905788872906337
[27],0.017255757992617995
[27, 36],0.012439955699275926
[4, 27, 36],0.010294584223206168
[9, 27],0.011855968802380693
[4, 9, 27],0.010137274291264963
[4, 27],0.017255757992617995
[80],0.013810514060684493
[4, 80],0.013810514060684493
[10, 80],0.013810514060684493
[4, 10, 80],0.011826520778628377
[31, 80],0.010642336395910704
[9, 80],0.013810514060684493
[4, 9, 80],0.020950765062556238
[12, 80],0.013810514060684493
[4, 12, 80],0.0127295060870892
[2, 80],0.013810514060684493
[2, 4, 80],0.013810514060684493
[2, 9, 80],0.010208482414397303
[80, 87],0.013810514060684493
[4, 80, 87],0.013810514060684493
[9, 80, 87],0.013810514060684493
[4, 9, 80, 87],0.013244152461757112
[36, 80, 87],0.011516262246636837
[4, 36, 80, 87],0.010079286718137377
[36, 80],0.013810514060684493
[4, 36, 80],0.013810514060684493
[9, 36, 80],0.012697285406889238
[4, 9, 36, 80],0.011099634450640728
[25],0.02395897995917989
[4, 25],0.02395897995917989
[25, 34],0.011512252400004612
[9, 25],0.019082544294853343
[4, 9, 25],0.01675199872583214
[10, 25],0.015349687278388344
[4, 10, 25],0.012980666440088317
[2, 25],0.016817690655653143
[2, 4, 25],0.014456473949168235
[25, 43],0.011493251319894865
[25, 36],0.016321591410664926
[4, 25, 36],0.014047274048252595
[82],0.07042139936210887
[4, 82],0.07042139936210887
[10, 82],0.0551526614656263
[4, 10, 82],0.04309647615003093
[9, 10, 82],0.022276588229383897
[4, 9, 10, 82],0.018473083685440823
[10, 36, 82],0.018482591723767615
[31, 82],0.03467906884270765
[4, 31, 82],0.02761027580583826
[43, 82],0.045457319176054334
[4, 43, 82],0.0357866856476332
[10, 43, 82],0.02299013903328778
[4, 10, 43, 82],0.018081104867316223
[2, 43, 82],0.01943384168282774
[9, 43, 82],0.0178890873263012
[66, 82],0.028038531648807877
[4, 66, 82],0.022157093410339578
[2, 82],0.04883051507676274
[2, 4, 82],0.0387632999628546
[2, 10, 82],0.02364089076789888
[2, 4, 10, 82],0.018694000341622573
[2, 9, 82],0.020457226130632868
[2, 36, 82],0.018423182831982056
[34, 82],0.02560856548470423
[4, 34, 82],0.02035975690323696
[11, 82],0.0412778932277972
[4, 11, 82],0.03269168726168592
[10, 11, 82],0.02173917396186249
[4, 10, 11, 82],0.017728734405874275
[2, 11, 82],0.017903479989992824
[9, 82],0.04959984561579011
[4, 9, 82],0.04092388818695694
[38, 82],0.02543814890837741
[4, 38, 82],0.01931831642418245
[36, 82],0.04187019632965289
[4, 36, 82],0.03336372853632022
[9, 36, 82],0.01918140152542993
[35, 82],0.02883697709084568
[4, 35, 82],0.0224707578928873
[64, 82],0.021472867409807844
[4, 64, 82],0.01782572243353874
[37, 82],0.03428893813808032
[4, 37, 82],0.027254226351802135
[24, 82],0.02504131544457993
[4, 24, 82],0.019760929486982885
[81],0.010680853305619313
[4, 81],0.010680853305619313
[9, 81],0.010172131205027331
[84],0.04044593981419138
[4, 84],0.04044593981419138
[36, 84],0.03828030759294804
[4, 36, 84],0.033119644854424986
[9, 36, 84],0.016826763247427032
[4, 9, 36, 84],0.014993751916241164
[10, 84],0.03771027070403539
[4, 10, 84],0.032090391782840316
[10, 36, 84],0.013140137300595933
[4, 10, 36, 84],0.01119448902226568
[9, 10, 84],0.014490956018260299
[4, 9, 10, 84],0.012517492414698728
[43, 84],0.02619442589936737
[4, 43, 84],0.02236179327450131
[10, 43, 84],0.013779017169760363
[4, 10, 43, 84],0.011606687339398257
[2, 43, 84],0.011563060076584421
[9, 43, 84],0.010227159421669813
[11, 84],0.02526058196750679
[4, 11, 84],0.021353700568090314
[10, 11, 84],0.012675145887845483
[4, 10, 11, 84],0.010952113375477263
[2, 11, 84],0.010661753692030623
[35, 84],0.018731444890139698
[4, 35, 84],0.015497384284351611
[24, 84],0.017300636320007855
[4, 24, 84],0.014468687039682663
[2, 84],0.037298885538302275
[2, 4, 84],0.031947340561553524
[2, 10, 84],0.015373988029420964
[2, 4, 10, 84],0.013297621268712203
[2, 36, 84],0.013963256858587958
[2, 4, 36, 84],0.01209790446338311
[2, 9, 84],0.01531916978616305
[2, 4, 9, 84],0.013484197215462145
[63, 84],0.015395289732795426
[4, 63, 84],0.012948228203397024
[61, 84],0.011405369000920295
[62, 84],0.010897125668721284
[9, 84],0.03918636004724772
[4, 9, 84],0.034380605298384825
[31, 84],0.024885862417963027
[4, 31, 84],0.021273322899657752
[2, 31, 84],0.011068516501172233
[10, 31, 84],0.010471838095222967
[37, 84],0.019023711959948047
[4, 37, 84],0.016348401298243182
[82, 84],0.01967644924888445
[4, 82, 84],0.016677849492101483
[71, 84],0.012308147517508198
[4, 71, 84],0.01047424232100561
[84, 93],0.014177435198921126
[4, 84, 93],0.01185668026164637
[84, 230],0.011317436241835727
[66, 84],0.016618113235261106
[4, 66, 84],0.013897318174792974
[12, 84],0.012777415385662976
[4, 12, 84],0.010696770765195466
[84, 99],0.011736378098558143
[84, 140],0.010539703854397783
[54, 84],0.01692965869742683
[4, 54, 84],0.014250954996052162
[84, 173],0.012782809463408592
[4, 84, 173],0.010682812802612332
[9, 84, 173],0.010339289360883843
[34, 84],0.020634346508162888
[4, 34, 84],0.01761265398124811
[38, 84],0.013167557360232429
[4, 38, 84],0.010965192070446139
[84, 110],0.012245583116430479
[4, 84, 110],0.010673218594969107
[64, 84],0.01578761999852251
[4, 64, 84],0.013590076748661185
[44],0.01087944092704045
[4, 44],0.01087944092704045
[36, 44],0.01087944092704045
[10, 44],0.01087944092704045
[4, 10, 44],0.012028373425056603
[43, 44],0.010604446002188414
[9, 44],0.01087944092704045
[4, 9, 44],0.012396357315932466
[2, 44],0.01087944092704045
[2, 4, 44],0.010874944424595037
[83],0.01833093847463611
[4, 83],0.01833093847463611
[36, 83],0.01833093847463611
[4, 36, 83],0.01833093847463611
[9, 36, 83],0.015103403159438634
[4, 9, 36, 83],0.01391098785930002
[10, 83],0.011301590503003795
[75, 83],0.01525382500610107
[4, 75, 83],0.012982874301672439
[36, 75, 83],0.013130258276105292
[4, 36, 75, 83],0.011372437966421772
[9, 83],0.01832310129247128
[4, 9, 83],0.0164341084936473
[62, 83],0.01380893374389733
[4, 62, 83],0.011726848939320004
[36, 62, 83],0.011578260722288463
[2, 83],0.01211704971000173
[2, 4, 83],0.010195511946605094
[38],0.07468435271607213
[9, 38],0.025495878929564036
[36, 38],0.02655938793845107
[4, 36, 38],0.01998420937169569
[10, 38],0.0326938506537537
[4, 10, 38],0.022689232389717415
[34, 38],0.01917806216840389
[37, 38],0.018742653831345057
[4, 38],0.05858600583594232
[31, 38],0.021470500800534528
[38, 43],0.023516966966968724
[35, 38],0.019540179725442614
[2, 38],0.025092797503163622
[11, 38],0.020859797391620572
[87],0.044087034849583324
[9, 87],0.044087034849583324
[4, 9, 87],0.07685416715600187
[36, 87],0.044087034849583324
[9, 36, 87],0.044087034849583324
[4, 9, 36, 87],0.04401650818770358
[4, 36, 87],0.044087034849583324
[10, 87],0.04284679305183398
[9, 10, 87],0.02777506166219465
[4, 9, 10, 87],0.024574174109058464
[10, 36, 87],0.02099922077677136
[9, 10, 36, 87],0.014503193769340695
[4, 9, 10, 36, 87],0.012985384752076614
[4, 10, 36, 87],0.01833075164653173
[4, 10, 87],0.037338871089042484
[34, 87],0.02719848105287492
[9, 34, 87],0.018782681563011404
[4, 9, 34, 87],0.01638311477173103
[34, 36, 87],0.015888717893601616
[9, 34, 36, 87],0.011733026574590771
[4, 34, 36, 87],0.01416530962932857
[4, 34, 87],0.023589536296654633
[2, 34, 87],0.01183765946632493
[37, 87],0.01994641688472939
[9, 37, 87],0.01237330722755146
[4, 9, 37, 87],0.011029912081734636
[4, 37, 87],0.017466067009564115
[38, 87],0.01626044279678982
[4, 38, 87],0.013988451045592973
[12, 87],0.044087034849583324
[9, 12, 87],0.03258263326581026
[4, 9, 12, 87],0.028684471817285034
[12, 36, 87],0.02720798666650467
[9, 12, 36, 87],0.019672911645689645
[4, 9, 12, 36, 87],0.01749288428307802
[4, 12, 36, 87],0.023760362153086714
[10, 12, 87],0.015991845460842934
[4, 10, 12, 87],0.013868091380740072
[4, 12, 87],0.04140655894468722
[12, 31, 87],0.011843697965535308
[2, 12, 87],0.021425629454461227
[2, 12, 36, 87],0.012005491077478486
[2, 4, 12, 87],0.018645781015539025
[2, 9, 12, 87],0.014365203017826097
[2, 4, 9, 12, 87],0.012701395742872504
[75, 87],0.018367817051227836
[9, 75, 87],0.012950787783812628
[4, 9, 75, 87],0.011425132094574564
[36, 75, 87],0.013418226990087932
[4, 36, 75, 87],0.012186218934188925
[4, 75, 87],0.01611418928360542
[62, 87],0.020132848300324805
[9, 62, 87],0.013357163381517798
[4, 9, 62, 87],0.012132187735345626
[36, 62, 87],0.013874857561746633
[4, 36, 62, 87],0.012502691261228955
[4, 62, 87],0.01788733409932017
[4, 87],0.044087034849583324
[31, 87],0.032000074636305706
[4, 31, 87],0.02723396585330645
[10, 31, 87],0.01213299768973336
[9, 31, 87],0.019647162291342887
[4, 9, 31, 87],0.01701487708313787
[31, 36, 87],0.01664180847084892
[4, 31, 36, 87],0.014127484240494963
[9, 31, 36, 87],0.011126618141077281
[2, 31, 87],0.015999608310299503
[2, 4, 31, 87],0.01401041715984871
[43, 87],0.029144514424819787
[4, 43, 87],0.025046280816468567
[10, 43, 87],0.013708878451279648
[4, 10, 43, 87],0.01170366636475155
[36, 43, 87],0.014473345468204737
[4, 36, 43, 87],0.01253603056540444
[2, 43, 87],0.013867243607279794
[2, 4, 43, 87],0.01179127515439001
[9, 43, 87],0.01907980746394597
[4, 9, 43, 87],0.017124628934387126
[66, 87],0.019955571370800795
[4, 66, 87],0.017090729022905513
[9, 66, 87],0.011850116787684752
[87, 93],0.018308129015265035
[4, 87, 93],0.01595163162543243
[9, 87, 93],0.012019755026972246
[2, 87],0.044087034849583324
[2, 4, 87],0.044087034849583324
[2, 36, 87],0.028861518534585497
[2, 4, 36, 87],0.02551873513217095
[2, 9, 36, 87],0.02006666543057186
[2, 4, 9, 36, 87],0.018164563448792734
[2, 10, 87],0.020195823962316506
[2, 4, 10, 87],0.01757528457900242
[2, 9, 10, 87],0.01362806365667616
[2, 4, 9, 10, 87],0.011988457677695716
[2, 9, 87],0.03669073967481854
[2, 4, 9, 87],0.03254849381847363
[82, 87],0.016521226283436406
[4, 82, 87],0.014010709990521054
[87, 140],0.013634019075035713
[4, 87, 140],0.011281952114104878
[87, 110],0.012839497183296677
[4, 87, 110],0.011086383644132725
[61, 87],0.012824764688842263
[4, 61, 87],0.011256258497284153
[63, 87],0.01797037228138213
[4, 63, 87],0.015251639466140957
[71, 87],0.017709155924879733
[4, 71, 87],0.015157110987367689
[9, 71, 87],0.011256093381441118
[54, 87],0.017355672212226822
[4, 54, 87],0.014597998254235215
[9, 54, 87],0.011242282907324867
[87, 173],0.013316952049575753
[4, 87, 173],0.011566876242554357
[9, 87, 173],0.011358155518524407
[87, 230],0.011332784183996884
[35, 87],0.024733166502485422
[4, 35, 87],0.021374286097644777
[9, 35, 87],0.015197572723825617
[4, 9, 35, 87],0.013614821898256066
[35, 36, 87],0.013364802675465502
[4, 35, 36, 87],0.011845634102764867
[2, 35, 87],0.011971297378784438
[11, 87],0.02670285418840799
[4, 11, 87],0.023457438221090095
[9, 11, 87],0.017105996596280558
[4, 9, 11, 87],0.015030843023511467
[11, 36, 87],0.014755060182477736
[4, 11, 36, 87],0.012903293353090223
[2, 11, 87],0.012378114265737861
[10, 11, 87],0.012638304818050509
[64, 87],0.018082131711531522
[4, 64, 87],0.015109225210211527
[9, 64, 87],0.012431574424868828
[24, 87],0.022340682206777592
[4, 24, 87],0.01914363523423092
[9, 24, 87],0.014086272459524207
[4, 9, 24, 87],0.012367537702598847
[24, 35, 87],0.0118578924116348
[24, 36, 87],0.011369702944487834
[86],0.015924386303636257
[9, 86],0.015924386303636257
[4, 9, 86],0.014754671790784359
[36, 86],0.015924386303636257
[9, 36, 86],0.013201741532580812
[4, 9, 36, 86],0.01163637600920635
[4, 36, 86],0.015924386303636257
[10, 86],0.011349693444677407
[75, 86],0.013531406789001011
[36, 75, 86],0.010673676678865627
[4, 75, 86],0.011534094305350226
[62, 86],0.012439155401786731
[4, 62, 86],0.010717717000016764
[4, 86],0.015924386303636257
[2, 86],0.01418349120465634
[2, 4, 86],0.011894210364388157
[2, 36, 86],0.010726079286408882
[90],0.025684511418901487
[4, 90],0.025684511418901487
[36, 90],0.025684511418901487
[4, 36, 90],0.025684511418901487
[9, 36, 90],0.017212193414172662
[4, 9, 36, 90],0.01541978350227947
[11, 90],0.011345776470099201
[64, 90],0.016696898841277917
[4, 64, 90],0.013833480270978507
[36, 64, 90],0.012220414195268729
[4, 36, 64, 90],0.01040262725693711
[9, 90],0.022884512325936072
[4, 9, 90],0.01991259905561446
[2, 90],0.012514331293526365
[2, 4, 90],0.010469195450057325
[34, 90],0.011669833741951343
[10, 90],0.015124664510255887
[4, 10, 90],0.013130441526599661
[10, 36, 90],0.01037257920280979
[90, 140],0.010885270265874663
[90, 99],0.010204983137752522
[31, 90],0.010899417813822773
[93],0.05153063151864715
[4, 93],0.05153063151864715
[10, 93],0.05153063151864715
[4, 10, 93],0.0485817369381627
[10, 36, 93],0.021397858215820634
[4, 10, 36, 93],0.018254176469548154
[9, 10, 93],0.024233063474225606
[4, 9, 10, 93],0.02060985482094727
[2, 93],0.05153063151864715
[2, 4, 93],0.05153063151864715
[2, 10, 93],0.02872530489801024
[2, 4, 10, 93],0.023870616860011278
[2, 9, 93],0.028316962357888612
[2, 4, 9, 93],0.024339673120067736
[2, 36, 93],0.0255129342563844
[2, 4, 36, 93],0.02182182351466599
[34, 93],0.027596939758298165
[4, 34, 93],0.022247264443921184
[2, 34, 93],0.013367804312099328
[43, 93],0.04161463740070313
[4, 43, 93],0.0342670488214627
[10, 43, 93],0.021136068309857262
[4, 10, 43, 93],0.017769391136672093
[2, 43, 93],0.020447659364730825
[2, 4, 43, 93],0.01697880020953216
[9, 43, 93],0.01695879917828621
[4, 9, 43, 93],0.0143501789421316
[31, 43, 93],0.015416096503672495
[4, 31, 43, 93],0.013035113102759118
[36, 43, 93],0.01477593145826867
[11, 93],0.03832468265107704
[4, 11, 93],0.03138517954228044
[10, 11, 93],0.020714484712301303
[4, 10, 11, 93],0.01740808683732375
[2, 11, 93],0.01965961078468187
[2, 4, 11, 93],0.01633492323880172
[11, 43, 93],0.013342840443948971
[9, 11, 93],0.01639220408182446
[4, 9, 11, 93],0.013909298430223958
[11, 31, 93],0.013860137311118358
[11, 36, 93],0.01468034096047085
[82, 93],0.026353001651863262
[4, 82, 93],0.02207878198510211
[2, 82, 93],0.013493345970417415
[63, 93],0.02330914998494197
[4, 63, 93],0.01901681362935149
[54, 93],0.023606857397734278
[4, 54, 93],0.01864208708594994
[31, 93],0.0506345922490814
[4, 31, 93],0.04221948498887066
[9, 31, 93],0.020140700371737267
[4, 9, 31, 93],0.0173891393674541
[10, 31, 93],0.02162839461454214
[4, 10, 31, 93],0.01845705225046083
[2, 31, 93],0.02492501502921542
[2, 4, 31, 93],0.02124621873699926
[31, 36, 93],0.01819175814629695
[4, 31, 36, 93],0.015543580823073362
[38, 93],0.021760544643324303
[4, 38, 93],0.017886730013624688
[24, 93],0.026218344476925826
[4, 24, 93],0.022348356526588946
[24, 35, 93],0.013525870186876324
[66, 93],0.02659296805293326
[4, 66, 93],0.021236838413948935
[2, 66, 93],0.0136868902683275
[9, 93],0.05153063151864715
[4, 9, 93],0.04960628149481054
[36, 93],0.05153063151864715
[4, 36, 93],0.04303278714073558
[9, 36, 93],0.024505877440081567
[4, 9, 36, 93],0.020974776358628322
[64, 93],0.02822319502779846
[4, 64, 93],0.0236693836002696
[9, 64, 93],0.014081292975170195
[2, 64, 93],0.01372484679102775
[71, 93],0.02696393033101582
[4, 71, 93],0.022740627614044634
[2, 71, 93],0.01318317106941298
[37, 93],0.02728241172232346
[4, 37, 93],0.02293717946113766
[2, 37, 93],0.012988575667143882
[10, 37, 93],0.012906032366519698
[93, 173],0.015726893828556594
[35, 93],0.031100063229615366
[4, 35, 93],0.025580752281469908
[10, 35, 93],0.013028076200757816
[2, 35, 93],0.015010846182374454
[9, 35, 93],0.013148737713285789
[12, 93],0.024243862651244102
[4, 12, 93],0.020265714576090693
[97],0.03550889752190548
[4, 97],0.03550889752190548
[9, 97],0.03550889752190548
[4, 9, 97],0.030430038462612195
[10, 97],0.03505157976316312
[4, 10, 97],0.028671912515533464
[9, 10, 97],0.012584772606765875
[4, 9, 10, 97],0.010616423073395023
[10, 36, 97],0.0113168902617067
[31, 97],0.024062773038171927
[4, 31, 97],0.01968794743172099
[43, 97],0.0268803719900964
[4, 43, 97],0.021837423468748045
[10, 43, 97],0.012783421879866476
[4, 10, 43, 97],0.010452640039340969
[2, 43, 97],0.010078090475960972
[38, 97],0.014193113075694331
[4, 38, 97],0.01138524865205805
[82, 97],0.015503044419466195
[4, 82, 97],0.013222714491238885
[2, 97],0.03237702677535143
[2, 4, 97],0.02682576218886289
[2, 9, 97],0.012003936049867513
[2, 4, 9, 97],0.010290054375791969
[2, 36, 97],0.011690817344897887
[2, 10, 97],0.012695548146833565
[2, 4, 10, 97],0.010536175003594607
[34, 97],0.015536663957557834
[4, 34, 97],0.012689950470274805
[36, 97],0.03251355883032891
[4, 36, 97],0.02714362025314483
[9, 36, 97],0.013380589881673254
[4, 9, 36, 97],0.011392629178829152
[63, 97],0.01440315499943409
[4, 63, 97],0.011529772433198054
[35, 97],0.02254621554033736
[4, 35, 97],0.018045592875997503
[37, 97],0.016933873450684724
[4, 37, 97],0.014416045920922502
[96, 97],0.010363975420131101
[71, 97],0.01182904554836684
[93, 97],0.013674111212460482
[4, 93, 97],0.011556372139110108
[64, 97],0.014069000216445988
[4, 64, 97],0.011654400051075996
[66, 97],0.016666406003530348
[4, 66, 97],0.013561747513285307
[12, 97],0.0113198522134128
[11, 97],0.020188481994287293
[4, 11, 97],0.016664845198975896
[10, 11, 97],0.010361367874240567
[54, 97],0.013104681944819539
[4, 54, 97],0.010797026917843277
[97, 158],0.01629905884397899
[4, 97, 158],0.013105306294793838
[24, 97],0.019712388678064963
[24, 35, 97],0.011393692969608944
[4, 24, 97],0.01631768951644331
[95],0.013577549393884673
[4, 95],0.013577549393884673
[9, 95],0.010831657676859943
[10, 95],0.01073155086428403
[36, 95],0.013577549393884673
[4, 36, 95],0.011556852881831652
[2, 95],0.011330556278820429
[96],0.014728466288591898
[4, 96],0.014728466288591898
[9, 96],0.014728466288591898
[4, 9, 96],0.013602965256925018
[10, 96],0.014728466288591898
[4, 10, 96],0.012221260043951994
[31, 96],0.011133515470799538
[43, 96],0.012950026135323782
[4, 43, 96],0.01094301598800584
[36, 96],0.013093717320462907
[4, 36, 96],0.01086917250660914
[2, 96],0.014728466288591898
[2, 4, 96],0.012976024954089763
[99],0.04307778652391421
[4, 99],0.04307778652391421
[10, 99],0.04307778652391421
[4, 10, 99],0.03595290519007746
[10, 36, 99],0.018760418672147824
[4, 10, 36, 99],0.016090440120913353
[9, 10, 99],0.01847738592011464
[4, 9, 10, 99],0.015748936810519122
[31, 99],0.030941556115205777
[4, 31, 99],0.025435379139918522
[10, 31, 99],0.012209963578591564
[9, 31, 99],0.013452131075454668
[4, 9, 31, 99],0.011438084579910409
[31, 36, 99],0.014041246946743097
[4, 31, 36, 99],0.011843019695291342
[2, 31, 99],0.013477416270465087
[2, 4, 31, 99],0.011018407195122943
[43, 99],0.027609424876835095
[4, 43, 99],0.022754928472337763
[10, 43, 99],0.01416663929490606
[4, 10, 43, 99],0.01147479031494048
[36, 43, 99],0.010871720129003113
[2, 43, 99],0.01196674434313071
[9, 43, 99],0.012069792791932382
[66, 99],0.02110734495811252
[4, 66, 99],0.017146069027274266
[12, 99],0.013987878254745793
[4, 12, 99],0.011347758815115133
[87, 99],0.011047116226059969
[75, 99],0.013824546784608408
[4, 75, 99],0.011325953325138026
[82, 99],0.017749706676699867
[4, 82, 99],0.01489378137875346
[99, 140],0.021450352104895237
[4, 99, 140],0.01771728394436392
[36, 99, 140],0.011870675129626822
[36, 99],0.04307778652391421
[4, 36, 99],0.04307778652391421
[9, 36, 99],0.025963918849992364
[4, 9, 36, 99],0.02293981871375044
[64, 99],0.04307778652391421
[4, 64, 99],0.03806012651702837
[36, 64, 99],0.022498796034677002
[4, 36, 64, 99],0.019857845779364017
[9, 36, 64, 99],0.012411139128526268
[4, 9, 36, 64, 99],0.011157380988186623
[10, 64, 99],0.0157734732822917
[4, 10, 64, 99],0.013721002542788772
[9, 64, 99],0.022929300504406953
[4, 9, 64, 99],0.020052999185611414
[35, 64, 99],0.010798287110341233
[31, 64, 99],0.012262644340487933
[11, 64, 99],0.011127049240893356
[2, 64, 99],0.017426066687885666
[2, 4, 64, 99],0.014752501770017992
[2, 99],0.04307778652391421
[2, 36, 99],0.02072658000157703
[2, 4, 36, 99],0.017928374450002976
[2, 10, 99],0.01715066629717434
[2, 4, 10, 99],0.013924711340013059
[2, 9, 99],0.01985579031691889
[2, 4, 9, 99],0.017070429050539855
[2, 4, 99],0.03729904632895994
[63, 99],0.020521518797071172
[4, 63, 99],0.016903624576071606
[71, 99],0.015314788578814657
[4, 71, 99],0.012897408505797162
[9, 99],0.04307778652391421
[4, 9, 99],0.044463887457372175
[34, 99],0.02545047263249279
[34, 36, 99],0.01275029513673832
[4, 34, 36, 99],0.01078987815669533
[4, 34, 99],0.021198968689616737
[9, 34, 99],0.01086624285710237
[38, 99],0.01444544031822755
[4, 38, 99],0.011608656253354456
[35, 99],0.030507566096910826
[4, 35, 99],0.024988959267702514
[10, 35, 99],0.011095752151025007
[35, 36, 99],0.013668671305922836
[4, 35, 36, 99],0.011560120914586521
[2, 35, 99],0.012503561161355033
[9, 35, 99],0.011590997866695239
[93, 99],0.019251483496655925
[4, 93, 99],0.016302070803749565
[24, 99],0.02722502741985523
[4, 24, 99],0.022850291709487477
[24, 35, 99],0.01590597645663821
[4, 24, 35, 99],0.013806091551935597
[24, 36, 99],0.012414804491647414
[11, 99],0.028263323958170446
[4, 11, 99],0.02366071323823155
[10, 11, 99],0.01377694964350234
[4, 10, 11, 99],0.01175242314341835
[9, 11, 99],0.011893684866661116
[11, 36, 99],0.013660979497712875
[4, 11, 36, 99],0.011666942852051998
[2, 11, 99],0.012533039283965581
[37, 99],0.018476201667101358
[4, 37, 99],0.015444443596564442
[54, 99],0.01502682514777801
[4, 54, 99],0.012296124955240666
[62, 99],0.015160581404365376
[4, 62, 99],0.012867364334099001
[99, 110],0.012066875418691548
[99, 173],0.011501517822706897
[106],0.019013913497131184
[4, 106],0.019013913497131184
[10, 106],0.012239468336736321
[4, 10, 106],0.0106133002263504
[36, 106],0.013629811652890374
[4, 36, 106],0.011811976601339251
[9, 106],0.0174662993540242
[4, 9, 106],0.015422386365980431
[2, 106],0.015225562024352116
[2, 4, 106],0.013310068529102909
[105],0.01955508200951619
[4, 105],0.01955508200951619
[10, 105],0.014606020612396934
[4, 10, 105],0.012176201852573813
[43, 105],0.011528985917000505
[36, 105],0.018673085368056657
[4, 36, 105],0.015761852744978763
[2, 105],0.01709187396027314
[2, 4, 105],0.014178565275782816
[9, 105],0.01777105865000852
[4, 9, 105],0.01524116988443136
[100],0.024941233285423903
[4, 100],0.024941233285423903
[10, 100],0.024941233285423903
[4, 10, 100],0.022260713859593877
[31, 100],0.023823013752461805
[4, 31, 100],0.02093737643844284
[2, 31, 100],0.010691612540014769
[43, 100],0.019697367404213267
[4, 43, 100],0.01697101486460699
[10, 43, 100],0.010041500931062673
[66, 100],0.011166016724840085
[9, 100],0.024941233285423903
[4, 9, 100],0.023384670553688376
[36, 100],0.020396269902163307
[4, 36, 100],0.017309893425034962
[2, 100],0.024941233285423903
[2, 4, 100],0.023524760113439038
[2, 9, 100],0.01166795819299236
[2, 4, 9, 100],0.010445958705126705
[2, 10, 100],0.011332893214543697
[63, 100],0.010166316088885265
[34, 100],0.011850208756911238
[37, 100],0.012837741322085271
[4, 37, 100],0.010809064668043732
[71, 100],0.012446228273755505
[4, 71, 100],0.010393990236919696
[82, 100],0.011588743745499218
[11, 100],0.015457413970556434
[4, 11, 100],0.01298223385311605
[35, 100],0.013148359347060353
[4, 35, 100],0.01078285728334968
[24, 100],0.010120602455126153
[93, 100],0.012460641312563832
[4, 93, 100],0.010544352858790726
[103],0.010020945914577363
[4, 103],0.010020945914577363
[36, 103],0.010020945914577363
[4, 36, 103],0.010641134043834752
[9, 103],0.010020945914577363
[15],0.015214133484418486
[4, 15],0.015214133484418486
[9, 15],0.010382341255992593
[15, 36],0.010115876943694108
[110],0.05074181999833893
[9, 110],0.05074181999833893
[4, 9, 110],0.07440313481645255
[11, 110],0.028593763635222928
[9, 11, 110],0.019636416968627977
[4, 9, 11, 110],0.017118846620289674
[4, 11, 110],0.02413839968980403
[10, 11, 110],0.013294426251085883
[12, 110],0.016812965923751463
[4, 12, 110],0.013634778156584475
[4, 110],0.05074181999833893
[10, 110],0.04159165731640457
[4, 10, 110],0.035227862656795984
[9, 10, 110],0.02937780067392701
[4, 9, 10, 110],0.02544365791757678
[10, 36, 110],0.01823845527815911
[4, 10, 36, 110],0.015483726537445088
[9, 10, 36, 110],0.012827297377276815
[110, 173],0.04965780961860413
[4, 110, 173],0.04109611476854835
[9, 110, 173],0.0417649819093619
[4, 9, 110, 173],0.03526792084677636
[10, 110, 173],0.014551335155452236
[36, 110, 173],0.021723498615914865
[4, 36, 110, 173],0.018883338141912554
[9, 36, 110, 173],0.01797677324170896
[4, 9, 36, 110, 173],0.016097314261000428
[2, 110, 173],0.01509759136201027
[2, 4, 110, 173],0.013298115275794598
[54, 110],0.022932296903140015
[4, 54, 110],0.01965604102290855
[9, 54, 110],0.016366041381105884
[4, 9, 54, 110],0.01410104832838774
[35, 110],0.02067911433162775
[4, 35, 110],0.01688097704874485
[9, 35, 110],0.013840501311604338
[71, 110],0.015800045262225657
[4, 71, 110],0.013293804474833285
[38, 110],0.015260664691839211
[36, 110],0.05074181999833893
[9, 36, 110],0.03610377839529913
[4, 9, 36, 110],0.031994476234558616
[4, 36, 110],0.04380601376811874
[2, 110],0.041581587083693666
[2, 9, 110],0.029941310075564595
[2, 4, 9, 110],0.026457745789112332
[2, 36, 110],0.019022937955926154
[2, 9, 36, 110],0.014389994570586888
[2, 4, 9, 36, 110],0.01298817826249106
[2, 4, 36, 110],0.016613381596462976
[2, 4, 110],0.03571759013718689
[2, 10, 110],0.01635415671297123
[2, 4, 10, 110],0.014076159599759953
[34, 110],0.021378102998944864
[9, 34, 110],0.014765001007456938
[4, 9, 34, 110],0.012931003980719663
[4, 34, 110],0.017955406580717932
[64, 110],0.017375146298558422
[4, 64, 110],0.014489058958718784
[66, 110],0.01863867607053644
[9, 66, 110],0.013106578571401292
[4, 66, 110],0.015592831566599437
[93, 110],0.018623837486310586
[4, 93, 110],0.015637439511793246
[31, 110],0.029714475028047818
[4, 31, 110],0.025205323666780795
[9, 31, 110],0.020262208894457977
[4, 9, 31, 110],0.017971225028288903
[43, 110],0.031002227476329667
[9, 43, 110],0.02179943554475369
[4, 9, 43, 110],0.01874718939095401
[4, 43, 110],0.026013831503641248
[36, 43, 110],0.012868328952015015
[10, 43, 110],0.014656098581147506
[82, 110],0.019816397230200514
[9, 82, 110],0.0138567714963148
[4, 82, 110],0.017024726412516667
[63, 110],0.016681583207712913
[4, 63, 110],0.013820604421014333
[24, 110],0.017024846666907283
[4, 24, 110],0.014048315381781591
[37, 110],0.020479911411931843
[4, 37, 110],0.017595688708825444
[9, 37, 110],0.014615636607510444
[4, 9, 37, 110],0.013077634443702977
[117],0.01119363353072852
[4, 117],0.01119363353072852
[24, 117],0.01119363353072852
[4, 24, 117],0.01119363353072852
[24, 35, 117],0.01119363353072852
[66, 117],0.010360585666392556
[10, 117],0.01119363353072852
[4, 10, 117],0.011185459084459606
[35, 117],0.01119363353072852
[4, 35, 117],0.013671126837775735
[43, 117],0.01119363353072852
[4, 43, 117],0.010827010737514981
[36, 117],0.01119363353072852
[2, 117],0.01119363353072852
[2, 4, 117],0.012489151743812935
[9, 117],0.01119363353072852
[4, 9, 117],0.012229440900327456
[113],0.014651311169072144
[4, 113],0.014651311169072144
[9, 113],0.014651311169072144
[4, 9, 113],0.013003406941801436
[10, 113],0.014020290415817675
[4, 10, 113],0.012141439651695694
[2, 113],0.012694557321056572
[2, 4, 113],0.01074847150232969
[36, 113],0.013017455736470309
[4, 36, 113],0.011200365175051482
[119],0.014824023658678472
[4, 119],0.014824023658678472
[10, 119],0.012811016529422606
[4, 10, 119],0.010618453139834328
[2, 119],0.01211842609909069
[36, 119],0.0116084670687193
[43, 119],0.012673028696258009
[4, 43, 119],0.010404542151742087
[9, 119],0.01265812514088639
[4, 9, 119],0.010642111667542217
[123],0.01727931058053778
[4, 123],0.01727931058053778
[36, 123],0.01308777299882459
[4, 36, 123],0.011151573833048413
[10, 123],0.011336984288304826
[9, 123],0.013068680617019107
[4, 9, 123],0.011510349009200704
[2, 123],0.010922424044177217
[126],0.012829083853708614
[4, 126],0.012829083853708614
[36, 126],0.012829083853708614
[4, 36, 126],0.01620697015062924
[34, 126],0.010498911246628929
[9, 126],0.012829083853708614
[4, 9, 126],0.010940731473822959
[128],0.034946542464080514
[4, 128],0.034946542464080514
[36, 128],0.034946542464080514
[4, 36, 128],0.030857770061902465
[9, 36, 128],0.024026411665801873
[4, 9, 36, 128],0.021824358346270514
[10, 128],0.02673274176185495
[4, 10, 128],0.02307184025093184
[9, 10, 128],0.018488651048045
[4, 9, 10, 128],0.016280523297145907
[43, 128],0.017557250827050466
[4, 43, 128],0.015048459057219035
[9, 43, 128],0.011742107488502957
[4, 9, 43, 128],0.010299564313563138
[37, 128],0.012550397157730698
[4, 37, 128],0.011009778392050461
[9, 128],0.034946542464080514
[4, 9, 128],0.05561605274839709
[2, 128],0.027062843366582084
[2, 4, 128],0.023154949017540456
[2, 9, 128],0.018347220909565788
[2, 4, 9, 128],0.016111488661379417
[2, 36, 128],0.011031314525637352
[34, 128],0.013198410441752908
[4, 34, 128],0.01119573914463123
[64, 128],0.010232170724861355
[66, 128],0.01124523378175756
[93, 128],0.010137806712034474
[110, 128],0.015137192260198305
[9, 110, 128],0.011345161074108058
[4, 9, 110, 128],0.010374211140489508
[4, 110, 128],0.013349319086019195
[128, 173],0.03493587245299607
[4, 128, 173],0.029168265097195938
[9, 128, 173],0.030120254273256732
[4, 9, 128, 173],0.025460741013621783
[36, 128, 173],0.013194985846069719
[4, 36, 128, 173],0.011814766158239273
[9, 36, 128, 173],0.011241807270541174
[4, 9, 36, 128, 173],0.010292691670550361
[31, 128],0.016957072390855678
[4, 31, 128],0.014553262088009429
[9, 31, 128],0.011509534754624693
[4, 9, 31, 128],0.01008935897174273
[63, 128],0.010445167442169443
[128, 230],0.017400554739058816
[4, 128, 230],0.015138377970209073
[9, 128, 230],0.012439383090165042
[4, 9, 128, 230],0.01102096818403933
[35, 128],0.012193266629024192
[4, 35, 128],0.010271921403670737
[24, 128],0.011271826316876735
[54, 128],0.013341914268047846
[4, 54, 128],0.011319855955090385
[11, 128],0.01682164391251667
[4, 11, 128],0.014751497846570642
[9, 11, 128],0.01147419397624148
[4, 9, 11, 128],0.010250596492324179
[82, 128],0.012195003056069584
[4, 82, 128],0.010647282442072631
[130],0.019298555533571213
[4, 130],0.019298555533571213
[9, 130],0.01640947810655104
[4, 9, 130],0.013622225678507297
[36, 130],0.016544585388055318
[4, 36, 130],0.013602429661774863
[2, 130],0.013620280621489518
[2, 4, 130],0.01086558475691403
[43, 130],0.010748943170968821
[11, 130],0.010076483535812426
[10, 130],0.014841654869404466
[4, 10, 130],0.01184466062881588
[131],0.010007995618499526
[4, 131],0.018993391234885897
[133],0.013078778171990477
[4, 133],0.023208507914711806
[140],0.049952581849675194
[4, 140],0.049952581849675194
[10, 140],0.047432423105485406
[4, 10, 140],0.03965466076175526
[10, 36, 140],0.0219383952236915
[4, 10, 36, 140],0.01840698429315588
[9, 10, 140],0.020254453753341412
[4, 9, 10, 140],0.017338233329883608
[2, 140],0.04783686337193346
[2, 4, 140],0.03972836558322855
[2, 10, 140],0.019182098540459647
[2, 4, 10, 140],0.015805027933478953
[2, 36, 140],0.023540830996145953
[2, 4, 36, 140],0.01985440429946185
[2, 9, 140],0.020792488744839608
[2, 4, 9, 140],0.017509050761173497
[43, 140],0.030232268929563794
[4, 43, 140],0.025246733032059532
[10, 43, 140],0.015264547004968664
[4, 10, 43, 140],0.013163705388766518
[2, 43, 140],0.013250788577225671
[36, 43, 140],0.013331209965932603
[9, 43, 140],0.012721545101206098
[38, 140],0.015856934775068974
[4, 38, 140],0.012955452173013542
[64, 140],0.026263760628404825
[4, 64, 140],0.02187805096161246
[36, 64, 140],0.014085401922683915
[9, 64, 140],0.012681112339189646
[54, 140],0.019799637900319956
[4, 54, 140],0.016060866969125617
[36, 140],0.049952581849675194
[4, 36, 140],0.049952581849675194
[9, 36, 140],0.027539940814768113
[4, 9, 36, 140],0.023403288669983487
[24, 140],0.02245198409142252
[4, 24, 140],0.018798227748395676
[93, 140],0.01772641148776396
[4, 93, 140],0.01444320903697393
[82, 140],0.019844529154918442
[4, 82, 140],0.01690162517202179
[11, 140],0.03200500156896803
[10, 11, 140],0.015366593952508405
[4, 10, 11, 140],0.01267729592735741
[4, 11, 140],0.026089795901607923
[11, 36, 140],0.015965192536319096
[4, 11, 36, 140],0.01341974787590275
[2, 11, 140],0.012902774515601316
[66, 140],0.022722376325875294
[4, 66, 140],0.018421786018394903
[63, 140],0.023682055804809393
[4, 63, 140],0.019127810886912427
[9, 140],0.049952581849675194
[4, 9, 140],0.044146997075400735
[35, 140],0.027422138322067004
[4, 35, 140],0.02268974864380355
[35, 36, 140],0.013405337425285834
[37, 140],0.020663614303370516
[4, 37, 140],0.017293933478634314
[71, 140],0.016188287048823767
[4, 71, 140],0.013853853036625993
[34, 140],0.025009184373190083
[4, 34, 140],0.020203090161999546
[34, 36, 140],0.014180535519688467
[31, 140],0.03050464546085544
[4, 31, 140],0.0255112787270399
[31, 36, 140],0.014553496267517053
[10, 31, 140],0.012715598212197352
[2, 31, 140],0.013728782126631605
[140, 173],0.015465865517596017
[4, 140, 173],0.012830026862839523
[9, 140, 173],0.012529479137943056
[61, 140],0.012630941215884085
[12, 140],0.01753379487717374
[4, 12, 140],0.014334696482607129
[110, 140],0.014731587117914351
[4, 110, 140],0.012689242455616019
[138],0.016972524200716998
[4, 138],0.016972524200716998
[10, 138],0.016071588678271787
[4, 10, 138],0.01314731845933356
[2, 138],0.016972524200716998
[2, 4, 138],0.017250315013847887
[43, 138],0.0123370217524673
[4, 43, 138],0.010052623777172327
[9, 138],0.016972524200716998
[4, 9, 138],0.016322720614426463
[36, 138],0.016972524200716998
[4, 36, 138],0.014633172432874847
[31, 138],0.011554553171626677
[66, 138],0.010176173755234282
[135],0.01481024967436093
[4, 135],0.01481024967436093
[10, 135],0.012794079214164297
[4, 10, 135],0.010671365223686974
[2, 135],0.010772147316677621
[54, 135],0.010292534682202018
[9, 135],0.011883630577976569
[4, 9, 135],0.010361209227588594
[11, 135],0.010029345897692844
[36, 135],0.012976222666365845
[4, 36, 135],0.010917692935379038
[137],0.02460297728377563
[4, 137],0.02460297728377563
[10, 137],0.0219951350804603
[4, 10, 137],0.017707245481279863
[2, 137],0.01825663746164886
[2, 4, 137],0.015182057963179892
[43, 137],0.015713768084720036
[4, 43, 137],0.013014071441321504
[36, 137],0.017970701571209516
[4, 36, 137],0.015378281814711809
[9, 137],0.01957176890763815
[4, 9, 137],0.01651086141085705
[82, 137],0.010768286833675639
[31, 137],0.012555487281213732
[4, 31, 137],0.010406415768062274
[11, 137],0.013698177464647054
[4, 11, 137],0.011163136546544715
[37, 137],0.010888873580349706
[34, 137],0.010605307781758734
[146],0.03543617937124779
[4, 146],0.03543617937124779
[9, 146],0.02570178670143635
[4, 9, 146],0.022294102788177037
[2, 146],0.02230309879362037
[2, 4, 146],0.018388166845668116
[43, 146],0.01570629563388254
[4, 43, 146],0.013033384747057432
[35, 146],0.022680282086401066
[4, 35, 146],0.01789867970491967
[63, 146],0.0118662291651707
[10, 146],0.02092207618510717
[4, 10, 146],0.017547006116560425
[11, 146],0.012141813318008246
[66, 146],0.012891648920957632
[4, 66, 146],0.010228835772624316
[36, 146],0.02508116496090939
[4, 36, 146],0.02115752493902614
[9, 36, 146],0.010191126141219378
[31, 146],0.013341140099425268
[4, 31, 146],0.011067404295049417
[34, 146],0.014689914240640074
[4, 34, 146],0.01168055942421621
[145],0.010179780019423528
[4, 145],0.010179780019423528
[35, 145],0.010179780019423528
[4, 35, 145],0.011006774368800211
[24, 145],0.010179780019423528
[4, 24, 145],0.010609187823990514
[144],0.012452567207503942
[4, 144],0.012452567207503942
[9, 144],0.011160560421357388
[2, 144],0.012452567207503942
[2, 4, 144],0.01147996751144749
[31, 144],0.011989973461839202
[4, 31, 144],0.010223615879884514
[36, 144],0.010239179839036551
[10, 144],0.011690695079262115
[147],0.020116811429370916
[4, 147],0.020116811429370916
[10, 147],0.018812531713437105
[4, 10, 147],0.015673157117250907
[31, 147],0.013192345379249938
[4, 31, 147],0.011409181470180241
[9, 147],0.018461342357779444
[4, 9, 147],0.015894841797412382
[2, 147],0.01591623987269306
[2, 4, 147],0.013540812495273271
[24, 147],0.010464885432116126
[43, 147],0.014756516180329754
[4, 43, 147],0.01234975000751938
[36, 147],0.016846206425088855
[4, 36, 147],0.014249380125375046
[11, 147],0.010706772038099227
[35, 147],0.010623522319965903
[149],0.012195090999730375
[4, 149],0.019524081120122466
[153],0.011698474596013676
[4, 153],0.011698474596013676
[36, 153],0.010508139795379803
[10, 153],0.010014713348839091
[157],0.025092960305858697
[4, 157],0.025092960305858697
[66, 157],0.015724137139532263
[4, 66, 157],0.012623230316335552
[24, 157],0.025092960305858697
[4, 24, 157],0.021631633987743305
[24, 35, 157],0.01734512247073414
[4, 24, 35, 157],0.014275144241054182
[9, 157],0.014478181386575431
[4, 9, 157],0.012472338242786445
[35, 157],0.025092960305858697
[4, 35, 157],0.022652610309884906
[36, 157],0.017964127515644215
[4, 36, 157],0.015430619128896015
[10, 157],0.011855194085971176
[2, 157],0.011387022025830435
[156],0.01014409182066555
[4, 156],0.01014409182066555
[66, 156],0.01014409182066555
[4, 66, 156],0.01001539102575964
[158],0.03549866810615857
[4, 158],0.03549866810615857
[9, 158],0.032537481109567064
[4, 9, 158],0.0273825653862054
[2, 158],0.03033053641950009
[2, 4, 158],0.024834080690375536
[2, 9, 158],0.01106934030019355
[2, 36, 158],0.010792043823082584
[2, 10, 158],0.011391224636780729
[37, 158],0.01692385556458555
[4, 37, 158],0.01443802725256843
[24, 158],0.01767369473834539
[4, 24, 158],0.014375518740975623
[24, 35, 158],0.010736588020865233
[31, 158],0.022771827604315266
[4, 31, 158],0.0186888498169722
[43, 158],0.029075235154515593
[4, 43, 158],0.02387924079809482
[2, 43, 158],0.010530955960169178
[10, 43, 158],0.013018309525975349
[4, 10, 43, 158],0.010880487541408931
[82, 158],0.013267628392679738
[4, 82, 158],0.011073878314301098
[71, 158],0.01132984178459547
[93, 158],0.011909938407666852
[63, 158],0.014620084458864905
[4, 63, 158],0.01162640031851356
[66, 158],0.017759463126570108
[4, 66, 158],0.014169647473953613
[35, 158],0.022594981175363706
[4, 35, 158],0.018149927438234053
[34, 158],0.016137606310749633
[4, 34, 158],0.013242746189151243
[38, 158],0.017173801514983635
[4, 38, 158],0.013774239421376497
[54, 158],0.012864982609367494
[4, 54, 158],0.0104822004755084
[36, 158],0.03194709096788754
[9, 36, 158],0.012373556337438134
[4, 9, 36, 158],0.010692258369365326
[4, 36, 158],0.02687553842230102
[64, 158],0.013017819630884676
[4, 64, 158],0.01062040850346869
[11, 158],0.01836878022328057
[4, 11, 158],0.01494006797770654
[10, 158],0.03203507281581478
[4, 10, 158],0.026579574845248418
[9, 10, 158],0.010591519310899635
[10, 36, 158],0.010181390703674329
[12, 158],0.01059479394913837
[39],0.01411769006594014
[4, 39],0.01411769006594014
[9, 39],0.01411769006594014
[4, 9, 39],0.024067466083085964
[2, 39],0.012060571696818307
[2, 4, 39],0.01001746988801111
[39, 173],0.011120776573655313
[36, 39],0.01411769006594014
[9, 36, 39],0.012112701259184944
[4, 9, 36, 39],0.010812219803160977
[4, 36, 39],0.013612088314455905
[10, 39],0.010255039386680676
[162],0.019657452528640273
[4, 162],0.019657452528640273
[9, 162],0.019657452528640273
[4, 9, 162],0.032465986616249574
[2, 162],0.014684317071446969
[2, 4, 162],0.012411422900680015
[2, 9, 162],0.010070807231264581
[36, 162],0.019657452528640273
[4, 36, 162],0.01931829600876004
[9, 36, 162],0.015646738233940322
[4, 9, 36, 162],0.014385336399633908
[162, 173],0.019657452528640273
[4, 162, 173],0.01946941440793819
[9, 162, 173],0.019291217586451595
[4, 9, 162, 173],0.01720604579801328
[162, 230],0.010525722826942242
[10, 162],0.01395854475628288
[4, 10, 162],0.012198066156766548
[9, 10, 162],0.010069950683132198
[165],0.011827554646178311
[4, 165],0.011827554646178311
[9, 165],0.011827554646178311
[4, 9, 165],0.011734265858413584
[10, 165],0.011827554646178311
[4, 10, 165],0.01179267457462414
[43, 165],0.011827554646178311
[4, 43, 165],0.01022190736551812
[2, 165],0.011827554646178311
[2, 4, 165],0.010772202937878728
[169],0.011639848393698754
[4, 169],0.011639848393698754
[9, 169],0.011639848393698754
[4, 9, 169],0.012372771115721022
[36, 169],0.010558552346156115
[2, 169],0.011639848393698754
[173],0.0712355686865302
[4, 173],0.0712355686865302
[9, 173],0.0712355686865302
[4, 9, 173],0.06091181621876818
[10, 173],0.02752733249003361
[4, 10, 173],0.02165954181223164
[9, 10, 173],0.020544032528129596
[11, 173],0.019743667611147972
[43, 173],0.02073491736320783
[36, 173],0.035575313595160016
[4, 36, 173],0.02842931647130144
[9, 36, 173],0.027463154637490002
[4, 9, 36, 173],0.022849336458830038
[2, 173],0.026498248586880057
[2, 4, 173],0.021423161661390785
[2, 9, 173],0.020451710646769226
[174],0.027818296816168757
[4, 174],0.027818296816168757
[9, 174],0.027818296816168757
[4, 9, 174],0.04756703731567123
[10, 174],0.01974905388718217
[4, 10, 174],0.0166846704371939
[9, 10, 174],0.013233134349880748
[4, 9, 10, 174],0.01152599916037481
[10, 36, 174],0.010291257725205949
[11, 174],0.012924936415568794
[4, 11, 174],0.01105032875533038
[173, 174],0.027818296816168757
[4, 173, 174],0.02769607438728145
[9, 173, 174],0.026348921920036072
[4, 9, 173, 174],0.023862682503831955
[36, 173, 174],0.017469692483199323
[4, 36, 173, 174],0.015948776628080145
[9, 36, 173, 174],0.014692864778238631
[4, 9, 36, 173, 174],0.013824549461994975
[54, 174],0.012950254610156692
[4, 54, 174],0.010846336699233143
[110, 174],0.02573475205691956
[4, 110, 174],0.022731749485505735
[9, 110, 174],0.019874286224244142
[4, 9, 110, 174],0.017820975551108106
[110, 173, 174],0.013510530774160083
[4, 110, 173, 174],0.012021777158972536
[9, 110, 173, 174],0.011706939739677343
[4, 9, 110, 173, 174],0.010567541948008376
[36, 110, 174],0.014859514607131327
[4, 36, 110, 174],0.013428396746557023
[9, 36, 110, 174],0.011537805023951636
[4, 9, 36, 110, 174],0.010635757348038991
[36, 174],0.027818296816168757
[4, 36, 174],0.027818296816168757
[9, 36, 174],0.027818296816168757
[4, 9, 36, 174],0.0268485423258265
[174, 230],0.020193100491445223
[4, 174, 230],0.01778958948482091
[9, 174, 230],0.01476287238157932
[4, 9, 174, 230],0.013260039095925952
[36, 174, 230],0.011074004183357099
[4, 36, 174, 230],0.010129882776705406
[34, 174],0.011158973705341892
[2, 174],0.02087012395840917
[2, 4, 174],0.01759856698758334
[2, 9, 174],0.014724749457530136
[2, 4, 9, 174],0.012867558560737773
[2, 36, 174],0.011575301896006425
[2, 4, 36, 174],0.010121324579274841
[43, 174],0.011797607533240021
[31, 174],0.013139769526947473
[4, 31, 174],0.011095311076342271
[185],0.02363289323177969
[36, 185],0.02216944419835281
[4, 36, 185],0.018884357600541926
[10, 185],0.017288487744136292
[4, 10, 185],0.01427305827450317
[38, 185],0.013752588050638826
[4, 38, 185],0.011230895635068253
[24, 185],0.02363289323177969
[24, 36, 185],0.010452727439226877
[4, 24, 185],0.02363289323177969
[24, 35, 185],0.018976224845551063
[4, 24, 35, 185],0.016433913814538216
[4, 185],0.02363289323177969
[9, 185],0.020305080394157547
[4, 9, 185],0.0175222211571733
[35, 185],0.02363289323177969
[4, 35, 185],0.02363289323177969
[35, 36, 185],0.010517652934379645
[66, 185],0.017908650210945756
[4, 66, 185],0.01473874736180215
[63, 185],0.014075904304656233
[4, 63, 185],0.011171258370171742
[2, 185],0.019183701276418087
[2, 4, 185],0.016233974264075333
[31, 185],0.011464322515532924
[43, 185],0.014288937539771127
[4, 43, 185],0.01184505459665287
[61, 185],0.01113029042220903
[34, 185],0.01091629607318885
[11, 185],0.010849517101249682
[187],0.023216523421584152
[4, 187],0.023216523421584152
[31, 187],0.013114808432983913
[4, 31, 187],0.011246329167661299
[36, 187],0.018701876548357373
[4, 36, 187],0.016132027273191733
[2, 187],0.01800119515984113
[2, 4, 187],0.015469858609759062
[43, 187],0.014036504143221908
[4, 43, 187],0.012064629673109452
[10, 187],0.01828204542935941
[4, 10, 187],0.016078541679077612
[9, 187],0.02191387155451996
[4, 9, 187],0.019567143979208636
[11, 187],0.011086909395826811
[181],0.014267265612243252
[4, 181],0.014267265612243252
[10, 181],0.014267265612243252
[4, 10, 181],0.012613718797420438
[2, 181],0.014267265612243252
[2, 4, 181],0.013555693345225637
[43, 181],0.010777334588603986
[9, 181],0.013905989740442026
[4, 9, 181],0.01206487094561321
[36, 181],0.014267265612243252
[4, 36, 181],0.013456651766947107
[11, 181],0.011054057085627338
[192],0.010612938631906101
[4, 192],0.010612938631906101
[10, 192],0.010612938631906101
[4, 10, 192],0.010329744076824838
[2, 192],0.010612938631906101
[43, 192],0.010156080997559441
[9, 192],0.010612938631906101
[36, 192],0.01059073288987746
[195],0.022272265760707278
[4, 195],0.022272265760707278
[36, 195],0.022272265760707278
[4, 36, 195],0.022272265760707278
[9, 36, 195],0.018704174900610247
[4, 9, 36, 195],0.01669908571265353
[2, 195],0.022272265760707278
[2, 4, 195],0.01968675863558576
[2, 36, 195],0.016544062135840698
[2, 4, 36, 195],0.014464370196305601
[87, 195],0.010325205975130614
[10, 195],0.018218719815070752
[4, 10, 195],0.015341400997668425
[10, 36, 195],0.01237257676886321
[4, 10, 36, 195],0.010848621148233706
[75, 195],0.018229353922308074
[4, 75, 195],0.015778334810736865
[36, 75, 195],0.014423155113341126
[4, 36, 75, 195],0.01271855749138163
[62, 195],0.01805350712374918
[4, 62, 195],0.015771990801969782
[36, 62, 195],0.014131758071204087
[4, 36, 62, 195],0.012668297532131646
[9, 195],0.022272265760707278
[4, 9, 195],0.02235200739417752
[11, 195],0.012925471308765753
[4, 11, 195],0.010753379768522475
[43, 195],0.012452708458710897
[4, 43, 195],0.010424064464028604
[12, 195],0.010844179236357374
[34, 195],0.011982703395182774
[140, 195],0.010061718701933637
[31, 195],0.01363496566817338
[4, 31, 195],0.011507934983670764
[35, 195],0.010025756018968237
[198],0.010063867797899705
[4, 198],0.020073368330074517
[207],0.011959327226243644
[4, 207],0.011959327226243644
[9, 207],0.011022863582401439
[36, 207],0.010051260903171962
[2, 207],0.011959327226243644
[2, 4, 207],0.01044820426908404
[31, 207],0.010375112444233314
[10, 207],0.010949067037673824
[59],0.013661835398481249
[4, 59],0.013661835398481249
[9, 59],0.010215289982054237
[36, 59],0.013661835398481249
[4, 36, 59],0.012016190058697508
[34, 59],0.010437188189029214
[211],0.022798604150627046
[4, 211],0.022798604150627046
[9, 211],0.02145721094544284
[4, 9, 211],0.01896241492143925
[36, 211],0.019501248285120235
[4, 36, 211],0.016264090382995967
[10, 211],0.018974600469645712
[4, 10, 211],0.015720919455269412
[2, 211],0.021179722520350396
[2, 4, 211],0.018076762012495046
[31, 211],0.019613402989367954
[4, 31, 211],0.016636000982099684
[34, 211],0.011076523599980116
[43, 211],0.014756380789413125
[4, 43, 211],0.01194904479005839
[11, 211],0.011632005136823057
[93, 211],0.010741985301592495
[218],0.028487311821596747
[4, 218],0.028487311821596747
[9, 218],0.028487311821596747
[4, 9, 218],0.02410091749620918
[36, 218],0.025151543101141326
[4, 36, 218],0.02137613435474907
[9, 36, 218],0.012442027678764086
[4, 9, 36, 218],0.01085344593880087
[61, 218],0.014693200881933243
[4, 61, 218],0.012224927161328178
[34, 218],0.012478275808870972
[4, 34, 218],0.010090232879677195
[2, 218],0.017895282356897108
[2, 4, 218],0.015053279737997674
[31, 218],0.012601414530121383
[4, 31, 218],0.010289521794514131
[43, 218],0.011522847620388965
[11, 218],0.010871907045260898
[10, 218],0.017943382975390013
[4, 10, 218],0.015139897863142798
[216],0.012639634697667455
[4, 216],0.012639634697667455
[9, 216],0.012639634697667455
[4, 9, 216],0.011642748146685603
[36, 216],0.012639634697667455
[4, 36, 216],0.012451164606046007
[2, 216],0.01198635017358273
[2, 4, 216],0.010193373330653644
[10, 216],0.011693272632063887
[223],0.019409217717358596
[9, 223],0.019409217717358596
[4, 9, 223],0.025892353724404935
[4, 223],0.019409217717358596
[2, 223],0.019409217717358596
[2, 4, 223],0.019409217717358596
[2, 9, 223],0.011595815460311479
[2, 4, 9, 223],0.010196240807081444
[11, 223],0.012512934117103665
[4, 11, 223],0.010833314507687805
[36, 223],0.019409217717358596
[4, 36, 223],0.017908642816034267
[9, 36, 223],0.010309487065604294
[10, 223],0.019409217717358596
[4, 10, 223],0.01835429229181374
[43, 223],0.016068989467348152
[4, 43, 223],0.013454130359448847
[71, 223],0.011294380236621233
[35, 223],0.011360055750917876
[24, 223],0.010251692043059715
[31, 223],0.015847541280754652
[4, 31, 223],0.013289027365604663
[230],0.048586148011887854
[4, 230],0.048586148011887854
[9, 230],0.048586148011887854
[4, 9, 230],0.06804700217006343
[10, 230],0.038774445297516086
[4, 10, 230],0.033089767834684015
[9, 10, 230],0.0259707910593911
[4, 9, 10, 230],0.022501103016281193
[10, 36, 230],0.014935080158903396
[4, 10, 36, 230],0.012824400544428228
[2, 230],0.04052175813251476
[2, 4, 230],0.03440058372124022
[2, 9, 230],0.027279226126126533
[2, 4, 9, 230],0.023428183424685032
[2, 10, 230],0.015392075272705719
[2, 4, 10, 230],0.01298840701611047
[2, 36, 230],0.017552949793812486
[2, 4, 36, 230],0.015250283776330621
[31, 230],0.026168837850564473
[4, 31, 230],0.0222389843523308
[9, 31, 230],0.017511865178619915
[4, 9, 31, 230],0.015323451928950706
[43, 230],0.028334402549822026
[4, 43, 230],0.024459336352442847
[9, 43, 230],0.01880444294487539
[4, 9, 43, 230],0.016488737489822217
[10, 43, 230],0.01312549781098666
[11, 230],0.025550976496989064
[4, 11, 230],0.021790675633766306
[9, 11, 230],0.016989428667641818
[4, 9, 11, 230],0.014781911545220685
[64, 230],0.01515446769354893
[4, 64, 230],0.01244036602922635
[71, 230],0.013657295367473055
[93, 230],0.01486751351950753
[4, 93, 230],0.012492161902493845
[173, 230],0.04124047066458424
[4, 173, 230],0.03478478796202308
[9, 173, 230],0.034228197707779066
[4, 9, 173, 230],0.029188529623843596
[36, 173, 230],0.016347668067939962
[4, 36, 173, 230],0.0144909018362774
[9, 36, 173, 230],0.013268492169592321
[10, 173, 230],0.01225356434062987
[2, 173, 230],0.01297358063269935
[36, 230],0.046450766549144346
[4, 36, 230],0.040049466564275917
[9, 36, 230],0.031118596430889905
[4, 9, 36, 230],0.02735440452279373
[34, 230],0.02068124413599477
[4, 34, 230],0.017611540915301604
[9, 34, 230],0.013160416408419216
[37, 230],0.020629156116611577
[4, 37, 230],0.01790724225581636
[9, 37, 230],0.013337121247801263
[63, 230],0.015964063444850338
[4, 63, 230],0.013195608590062816
[35, 230],0.01840410960120905
[4, 35, 230],0.015386827740015511
[66, 230],0.01776784804702836
[4, 66, 230],0.014845118107574294
[140, 230],0.013817369652927377
[12, 230],0.013965111963520918
[110, 230],0.024298230541624492
[4, 110, 230],0.02086432091565418
[9, 110, 230],0.017432198273902286
[4, 9, 110, 230],0.015536737471554953
[38, 230],0.013037493751853181
[82, 230],0.019005702998753073
[4, 82, 230],0.016317195459075794
[9, 82, 230],0.01256304404351592
[54, 230],0.020141770562161366
[4, 54, 230],0.016855227898408414
[9, 54, 230],0.014082214051908496
[4, 9, 54, 230],0.012202313438131211
[24, 230],0.016597516431339193
[4, 24, 230],0.013916382900028824
[234],0.025903783860576454
[4, 234],0.025903783860576454
[2, 234],0.025903783860576454
[2, 4, 234],0.02266823322671955
[2, 9, 234],0.011699234794297533
[2, 4, 9, 234],0.01010075855642405
[2, 36, 234],0.01804680091354276
[2, 4, 36, 234],0.015681655629150013
[140, 234],0.012818242559831737
[4, 140, 234],0.010564988036770319
[62, 234],0.017742905805404503
[4, 62, 234],0.015063480423053107
[36, 62, 234],0.013195410175683965
[4, 36, 62, 234],0.011408592322033546
[36, 234],0.025903783860576454
[4, 36, 234],0.025903783860576454
[9, 36, 234],0.02034970343355336
[4, 9, 36, 234],0.017974278904443648
[31, 234],0.015980644376970873
[4, 31, 234],0.01313391901742117
[31, 36, 234],0.01046194426458196
[9, 234],0.025903783860576454
[4, 9, 234],0.024989996438514326
[37, 234],0.010088345440168983
[75, 234],0.019097571506396082
[4, 75, 234],0.016032999065706596
[36, 75, 234],0.015028472175196763
[4, 36, 75, 234],0.013022344204726111
[34, 234],0.014373297976914334
[34, 36, 234],0.010224903788587035
[4, 34, 234],0.011318600322554516
[12, 234],0.012205187618514864
[4, 12, 234],0.010232788272746108
[11, 234],0.01490961769937892
[4, 11, 234],0.012349740786535633
[11, 36, 234],0.010023603800940894
[43, 234],0.014570665889633547
[4, 43, 234],0.011782791473111037
[64, 234],0.011754612535311588
[10, 234],0.02192364150982297
[4, 10, 234],0.01795582395185155
[10, 36, 234],0.014485843594280977
[4, 10, 36, 234],0.012359287421423304
[35, 234],0.011538045126925852
[242],0.03494745182427349
[4, 242],0.03494745182427349
[9, 242],0.02804253881575578
[4, 9, 242],0.023519729175823654
[36, 242],0.023950193508425883
[4, 36, 242],0.019743146553651687
[9, 36, 242],0.010337337853034569
[34, 242],0.015376439736309961
[4, 34, 242],0.012051250426629533
[82, 242],0.010160232344823418
[2, 242],0.02186064800159905
[2, 4, 242],0.018178586205480834
[10, 242],0.020721378350685934
[4, 10, 242],0.016949100064102066
[37, 242],0.010354428804231744
[11, 242],0.012100496820646808
[31, 242],0.012664418938443394
[4, 31, 242],0.010458959595815864
[43, 242],0.014496140046957453
[4, 43, 242],0.011825276174839769
[35, 242],0.01102468104365236
[241],0.016703755030610445
[4, 241],0.016703755030610445
[9, 241],0.016703755030610445
[4, 9, 241],0.02468860452569523
[36, 241],0.016703755030610445
[4, 36, 241],0.016703755030610445
[9, 36, 241],0.016703755030610445
[4, 9, 36, 241],0.017644307696825522
[230, 241],0.014056732327831986
[4, 230, 241],0.012243343162889088
[110, 241],0.013068111969925508
[4, 110, 241],0.011255661488930067
[173, 241],0.01529421066952988
[4, 173, 241],0.013400435310723813
[9, 173, 241],0.01227820026763518
[4, 9, 173, 241],0.011101146912322949
[36, 173, 241],0.010831362356767139
[10, 241],0.010533036879365151
[2, 241],0.012691595247905935
[2, 4, 241],0.010905072265414477
[58],0.016182238519069525
[4, 58],0.016182238519069525
[36, 58],0.016182238519069525
[4, 36, 58],0.017573742703716665
[9, 58],0.015070528617530015
[4, 9, 58],0.012496908964498368
[34, 58],0.011144114069073096
[10, 58],0.012875032215515036
[4, 10, 58],0.010617692116954666
[2, 58],0.014945746146448405
[2, 4, 58],0.012145497076947686
[243],0.02565021196172346
[9, 243],0.023690983480615574
[4, 9, 243],0.02017054046013861
[4, 243],0.02565021196172346
[36, 243],0.024878654379218053
[4, 36, 243],0.020619508931689984
[9, 36, 243],0.010368938982764706
[2, 243],0.017844299131053763
[2, 4, 243],0.014372344715285056
[10, 243],0.019535438302332456
[4, 10, 243],0.015590018462106284
[34, 243],0.011844450683541407
[11, 243],0.014595750744008965
[4, 11, 243],0.011830687794649878
[35, 243],0.011337939317377173
[31, 243],0.012317530841436369
[37, 243],0.010006101786402606
[43, 243],0.013492622521772284
[4, 43, 243],0.010956783217488062
[228],0.019850954605871284
[4, 228],0.019850954605871284
[36, 228],0.01692082528473022
[4, 36, 228],0.014560611423235396
[2, 228],0.018871257329123047
[2, 4, 228],0.016121593743424874
[10, 228],0.019850954605871284
[4, 10, 228],0.0181180143925955
[43, 228],0.01505026282325608
[4, 43, 228],0.013031356357943839
[9, 228],0.019381514586454318
[4, 9, 228],0.016952111099547487
[11, 228],0.013193313402405907
[4, 11, 228],0.010985530695468322
[37, 228],0.011884720205437831
[82, 228],0.010383484323817005
[31, 228],0.012343151410700262
[4, 31, 228],0.010526917524439275
[247],0.022510938406123934
[9, 247],0.022510938406123934
[4, 9, 247],0.033710679042107596
[4, 247],0.022510938406123934
[173, 247],0.021306632814650686
[4, 173, 247],0.01758411906571247
[9, 173, 247],0.018305012151723078
[4, 9, 173, 247],0.015254747744087124
[36, 247],0.020549933212691756
[4, 36, 247],0.018287366013891165
[9, 36, 247],0.014574720014632652
[4, 9, 36, 247],0.013191541093359942
[230, 247],0.011206548461693305
[2, 247],0.015045629181409175
[2, 4, 247],0.012657988732742353
[2, 9, 247],0.01081193420015468
[10, 247],0.01467942465590007
[4, 10, 247],0.01293852220829776
[9, 10, 247],0.010514017056873874
[251],0.016937324547591566
[4, 251],0.016937324547591566
[36, 251],0.015314620383269861
[4, 36, 251],0.0126941218150434
[10, 251],0.014648815456436917
[4, 10, 251],0.011702624436626572
[2, 251],0.013871072889435721
[2, 4, 251],0.011475987640505888
[43, 251],0.010695243901949201
[66, 251],0.010563795131723628
[9, 251],0.0132080249787312
[4, 9, 251],0.01132256113281143
[35, 251],0.012592484799615984
[252],0.02076652853711802
[4, 252],0.02076652853711802
[230, 252],0.013748331392428977
[4, 230, 252],0.0118562090577932
[9, 252],0.02076652853711802
[4, 9, 252],0.03031351989723681
[10, 252],0.012723591806357477
[4, 10, 252],0.010940927710302414
[110, 252],0.0176545913066179
[4, 110, 252],0.015534536239432782
[9, 110, 252],0.012901412283765363
[4, 9, 110, 252],0.011621304166289498
[36, 110, 252],0.010464788812295707
[36, 252],0.02076652853711802
[4, 36, 252],0.02076652853711802
[9, 36, 252],0.019578701703859877
[4, 9, 36, 252],0.017662570731677416
[173, 252],0.02076652853711802
[9, 173, 252],0.017374966345483772
[4, 9, 173, 252],0.015130241637130025
[4, 173, 252],0.0180367219509464
[36, 173, 252],0.011999132628653517
[4, 36, 173, 252],0.010667113966553794
[2, 252],0.013252217659400557
[2, 4, 252],0.011353583706126963
[256],0.010186259418240386
[4, 256],0.010186259418240386
[9, 256],0.010186259418240386
[4, 9, 256],0.010474011604345433
[36, 256],0.010186259418240386
[4, 36, 256],0.01148358137109618
[2, 256],0.010186259418240386
[258],0.010871612517878512
[4, 258],0.010871612517878512
[9, 258],0.010004528666236894
[11, 258],0.010500912051968903
[82, 258],0.010301234469107775
[10, 258],0.010871612517878512
[4, 10, 258],0.011255370529497754
[2, 258],0.010871612517878512
[269],0.017556764647797866
[9, 269],0.017556764647797866
[4, 9, 269],0.01978633841407853
[4, 269],0.017556764647797866
[64, 269],0.010887375731053065
[36, 269],0.017556764647797866
[4, 36, 269],0.017556764647797866
[9, 36, 269],0.011317239106824438
[2, 269],0.013711528995684527
[2, 4, 269],0.0118325327464219
[10, 269],0.012492283706112824
[4, 10, 269],0.010308921551655002
[271],0.028177393370949363
[4, 271],0.028177393370949363
[36, 271],0.026271013641737315
[4, 36, 271],0.022458137519790436
[9, 36, 271],0.011581258210563484
[4, 9, 36, 271],0.010254630062587134
[64, 271],0.011714664118904228
[2, 271],0.020056999372957813
[2, 4, 271],0.017314705568133474
[9, 271],0.02538618968425667
[4, 9, 271],0.02217206389488563
[34, 271],0.012236391325219947
[4, 34, 271],0.010113124311288605
[10, 271],0.021470508178262307
[4, 10, 271],0.018539156801635464
[31, 271],0.01331055958581375
[4, 31, 271],0.011130197050980534
[11, 271],0.014683300886636785
[4, 11, 271],0.012153912731142955
[35, 271],0.010936827930442268
[43, 271],0.014014900241566111
[4, 43, 271],0.011480377655132297
[37, 271],0.010353878592984861
[274],0.016787926142390733
[4, 274],0.016787926142390733
[43, 274],0.012479791444367956
[4, 43, 274],0.01039686319602586
[9, 274],0.016787926142390733
[4, 9, 274],0.019151891596248544
[2, 274],0.016787926142390733
[2, 4, 274],0.016155490247397417
[31, 274],0.012463927201504774
[4, 31, 274],0.010588007079619901
[11, 274],0.010758922319212718
[36, 274],0.016787926142390733
[4, 36, 274],0.015421048140441512
[10, 274],0.016787926142390733
[4, 10, 274],0.01526907333197249
[282],0.011181614361756688
[4, 282],0.011181614361756688
[36, 282],0.011181614361756688
[4, 36, 282],0.014031815172217504
[283],0.011913373890239973
[4, 283],0.020024667744321357
[289],0.01556631458555683
[4, 289],0.01556631458555683
[9, 289],0.014205147905842154
[4, 9, 289],0.012061452175819205
[36, 289],0.01556631458555683
[4, 36, 289],0.014680539686953268
[10, 289],0.0114658293310859
[2, 289],0.013198953993572316
[2, 4, 289],0.010695200200898867
[290],0.011139559672001555
[4, 290],0.011139559672001555
[9, 290],0.011139559672001555
[4, 9, 290],0.012937340861936595
[36, 290],0.011139559672001555
[4, 36, 290],0.012187667266144928
[2, 290],0.011139559672001555
[308],0.019513288939561203
[4, 308],0.019513288939561203
[9, 308],0.019513288939561203
[4, 9, 308],0.027801080702959956
[173, 308],0.015057583903803731
[4, 173, 308],0.012504572486594222
[9, 173, 308],0.012475465703162662
[4, 9, 173, 308],0.010656031559706562
[110, 308],0.011242814891915595
[43, 308],0.01036579768887193
[36, 308],0.019513288939561203
[4, 36, 308],0.017954987003417557
[9, 36, 308],0.013008388171548636
[4, 9, 36, 308],0.011430326730614669
[10, 308],0.01496215846590308
[4, 10, 308],0.01274123211391878
[230, 308],0.015138916152018641
[4, 230, 308],0.01296068020052239
[2, 308],0.015780290582676645
[2, 4, 308],0.01363972704077594
[307],0.016937091633925313
[4, 307],0.016937091633925313
[9, 307],0.016937091633925313
[4, 9, 307],0.0278111902492488
[173, 307],0.016937091633925313
[4, 173, 307],0.015482240707604688
[9, 173, 307],0.015279955116521386
[4, 9, 173, 307],0.013327851838965076
[110, 307],0.01496116931759497
[4, 110, 307],0.012905881153128868
[9, 110, 307],0.01197186647193145
[4, 9, 110, 307],0.010557453083109292
[36, 307],0.016937091633925313
[4, 36, 307],0.016937091633925313
[9, 36, 307],0.015977080932805872
[4, 9, 36, 307],0.014306646357515027
[10, 307],0.01206679348896255
[4, 10, 307],0.010168378754287475
[230, 307],0.012191415861720498
[4, 230, 307],0.010545613849281587
[2, 307],0.013450245179108372
[2, 4, 307],0.011308464417625324
[318],0.014102331766548667
[4, 318],0.014102331766548667
[9, 318],0.012945148535735014
[4, 9, 318],0.01128097093171294
[36, 318],0.014102331766548667
[4, 36, 318],0.013369142151345761
[321],0.011291656729591785
[4, 321],0.011291656729591785
[9, 321],0.011291656729591785
[4, 9, 321],0.01206037516592811
[36, 321],0.011291656729591785
[4, 36, 321],0.011688039546597216
[10, 321],0.011291656729591785
[4, 10, 321],0.010741953146622182
[2, 321],0.011291656729591785
[2, 4, 321],0.011607181626152364
[328],0.013284044536861963
[9, 328],0.012033198068612735
[4, 9, 328],0.010458526901435323
[4, 328],0.013284044536861963
[36, 328],0.013284044536861963
[4, 36, 328],0.01358131072148134
[10, 328],0.01138439533724913
[2, 328],0.011037437879944812
[335],0.018279665371269415
[9, 335],0.015311502552100323
[4, 9, 335],0.012919366330570661
[36, 335],0.015311402578568636
[4, 36, 335],0.01258489501246874
[2, 335],0.013496028349576004
[2, 4, 335],0.011353443392179498
[4, 335],0.018279665371269415
[31, 335],0.010968919355724294
[10, 335],0.015972398431747456
[4, 10, 335],0.012948736009854155
[43, 335],0.012348032136847967
[4, 43, 335],0.010047321609327043
[336],0.010810439661903952
[4, 336],0.010810439661903952
[9, 336],0.01029725023257504
[36, 336],0.010810439661903952
[4, 36, 336],0.010936597421945934
[327],0.011401217142324796
[4, 327],0.011401217142324796
[2, 327],0.011401217142324796
[2, 4, 327],0.010034846796559421
[9, 327],0.011401217142324796
[4, 9, 327],0.011327131542796876
[10, 327],0.011401217142324796
[4, 10, 327],0.010497689777774061
